source,product_url,title,image_url,image_local_path
fapomoto,produkty/p0001-ps012110-coilover-for-honda-accord-1998-2002-acura-tl-2001-2003-cl-ps012110.html,Coilover for Honda Accord 1998-2002 Acura TL 2001-2003 CL PS012110,assets/images/products/shopify/1a4a9a44301a79dd91cd.jpg,
fapomoto,produkty/p0002-ps069210-coilover-for-dodge-charger-2006-2010-srt-8-ps069210.html,Coilover for Dodge Charger 2006-2010 SRT-8 PS069210,assets/images/products/shopify/7f6da6acdc0dced670a8.jpg,
fapomoto,produkty/p0003-pf002030-32-level-damping-coilover-for-2006-2011-honda-civic-si-ex-lx-sedan-pf002030.html,32-Level Damping Coilover for 2006-2011 Honda Civic Si EX LX Sedan PF002030,assets/images/products/shopify/03393be1f3829c58faeb.jpg,
fapomoto,produkty/p0004-pa095731-p3-off-road-rear-shock-for-toyota-tundar-2007-2021-4-8-in-lift-pa095731.html,"P3 Off-road Rear Shock For Toyota Tundar 2007-2021, 4-8 in Lift PA095731",assets/images/products/shopify/13f5e368afb025ff40cb.jpg,
fapomoto,produkty/p0005-pa094630-p3-off-road-rear-shock-for-ford-f-150-2009-2022-4-7-5-in-lift-pa094630.html,P3 Off-road Rear Shock For Ford F-150 2009-2022 4-7.5 in Lift PA094630,assets/images/products/shopify/a16581031e6739c199a0.jpg,
fapomoto,produkty/p0006-pa067830-p3-off-road-front-shock-for-ford-f-250-super-duty-4wd-2005-2022-2-4-5-in-lift-pa067830.html,"P3 Off-road  Front Shock for  Ford F-250 Super Duty 4WD 2005-2022, 2-4.5 in Lift PA067830",assets/images/products/shopify/37e0a708379191f18d06.jpg,
fapomoto,produkty/p0007-pa067730-p3-off-road-rear-shock-for-ford-f-250-super-duty-4wd-1999-2016-2wd-2005-2006-with-ford-f-350-sup.html,"P3 Off-road Rear Shock  For Ford F-250 Super Duty 4WD 1999-2016, 2WD 2005-2006, with Ford F-350 Super Duty 2WD 1999-2016 2-4.5 in Lift PA067730",assets/images/products/shopify/4ce95710341041bb3776.jpg,
fapomoto,produkty/p0008-pf012320-32-level-damping-coilover-for-honda-accord-2003-2007-acura-tsx-2004-2008-pf012320.html,32-Level Damping Coilover for HONDA ACCORD 2003-2007 ACURA TSX 2004-2008 PF012320,assets/images/products/shopify/126ba0616ff0c5068531.jpg,
fapomoto,produkty/p0009-pf006530-32-level-damping-coilover-for-bmw-3-series-f30-328i-335i-2013-2019-bmw-4-series-2013-2020-pf0065.html,32-Level Damping Coilover for BMW 3-Series F30 328i 335i 2013-2019/BMW 4 Series 2013-2020 PF006530,assets/images/products/shopify/6f7125c4b3db97d29879.jpg,
fapomoto,produkty/p0010-pf002120-32-level-damping-coilover-for-honda-civic-si-2001-2005-em2-ep3-pf002120.html,32-Level Damping Coilover for Honda Civic & SI 2001 -2005 EM2 EP3 PF002120,assets/images/products/shopify/fbc3c0dbb072339e8697.jpg,
fapomoto,produkty/p0011-pf004120-32-level-damping-coilover-for-volkswagen-jetta-mk5-mk6-fwd-2006-2017-pf004120.html,32-Level Damping Coilover for Volkswagen Jetta MK5 MK6 FWD 2006-2017 PF004120,assets/images/products/shopify/c9a6421814a45344409b.jpg,
fapomoto,produkty/p0012-pf002420-32-level-damping-coilover-for-honda-civic-1988-2000-integra-1990-2001-pf002420.html,32-Level Damping Coilover for HONDA CIVIC 1988-2000 INTEGRA 1990-2001 PF002420,assets/images/products/shopify/9508ea4a224938aa566c.jpg,
fapomoto,produkty/p0013-fe615310-fapo-turbo-manifold-for-08-15-mitsubishi-lancer-evolution-x-evo-10-4b11t-mr-gsr.html,FAPO Turbo Manifold for 08-15 Mitsubishi Lancer Evolution X EVO 10 4B11T MR GSR,assets/images/products/shopify/9d9e26d36e00957308f3.jpg,
fapomoto,produkty/p0014-fe696240-fapo-long-tube-header-1-7-8-for-07-13-chevy-gmc-silverado-sierra-1500-2500-hd-fe696240.html,FAPO Long Tube Header 1-7/8  for 07-13 Chevy GMC Silverado Sierra 1500 2500 HD FE696240,assets/images/products/shopify/69a0f2bb895eaf6c5c6a.jpg,
fapomoto,produkty/p0015-fe687440-fapo-ls-swap-headers-cast-manifolds-for-c10-c1500-silverado-sierra-yukon-tahoe.html,FAPO LS Swap Headers Cast Manifolds for C10 C1500 Silverado Sierra Yukon Tahoe,assets/images/products/shopify/58f837572ec2db91d222.jpg,
fapomoto,produkty/p0016-fe655410-fapo-shorty-headers-for-07-16-toyota-tundra-sequoia-5-7l-345-v8-304-ss-limited-sr5-trd.html,FAPO Shorty Headers for 07-16 Toyota Tundra Sequoia 5.7L 345 V8 304 SS Limited SR5 TRD,assets/images/products/shopify/50eaf2cbd70c3db998ee.jpg,
fapomoto,produkty/p0017-fe635220-fapo-turbo-manifold-t3-for-83-89-ford-mustang-svo-thunderbird-mercury-cougar-xr-7-merkur-xr4ti-2.html,FAPO Turbo Manifold T3 for 83-89 Ford Mustang SVO Thunderbird Mercury Cougar XR-7 Merkur XR4Ti 2.3L Side Mount,assets/images/products/shopify/fa8b5f98b33bc352a97f.jpg,
fapomoto,produkty/p0018-fe685310-fapo-shorty-headers-for-97-03-ford-f150-5-4l-330-v8-xl-xlt-fx4-king-ranch-lariat.html,FAPO Shorty Headers for 97-03 Ford F150 5.4L 330 V8 XL XLT FX4 King Ranch Lariat,assets/images/products/shopify/bcdf2b2ff45c03afb7e6.jpg,
fapomoto,produkty/p0019-jza80-fapo-single-turbo-manifold-for-toyota-supra-jza80-mk4-lexus-gs300-sc300-is300-2jzge-t4.html,FAPO Single Turbo Manifold for Toyota Supra JZA80 Mk4 Lexus GS300 SC300 IS300 2JZGE T4,assets/images/products/shopify/6d0f5ff735a8a63ece7b.jpg,
fapomoto,produkty/p0020-rb20det-fapo-equal-length-t3-turbo-manifold-for-rb20det-rb25det-skyline-r31-r32-r33-r34-gts-gtr-44mm-wg-.html,FAPO Equal Length T3 Turbo Manifold for RB20DET RB25DET Skyline R31 R32 R33 R34 GTS GTR 44mm WG Top Mount,assets/images/products/shopify/262a825b13786b0a5bc7.jpg,
fapomoto,produkty/p0021-fe640220-fapo-turbo-manifold-t3-for-chevy-gmc-big-block-bbc-366-396-402-427-454-v8-c10.html,FAPO Turbo Manifold T3 for Chevy GMC Big Block BBC 366 396 402 427 454 V8 C10,assets/images/products/shopify/d6d157b471681958cda8.jpg,
fapomoto,produkty/p0022-fe696420-lx-fapo-shorty-headers-for-2003-2008-dodge-ram-1500-2500-3500-hemi-v8-5-7l-345-fe696420-lx.html,FAPO Shorty Headers for 2003-2008 Dodge Ram 1500 2500 3500 Hemi V8 5.7L 345 FE696420-LX,assets/images/products/shopify/f9aa509141ccd1c39531.jpg,
fapomoto,produkty/p0023-ft030710-fapo-turbo-for-12-18-land-rover-evoque-lr2-discovery-jaguar-xf-xe-ecoboost-2-0l.html,FAPO Turbo for 12-18 Land Rover Evoque LR2 Discovery Jaguar XF XE EcoBoost 2.0L,assets/images/products/shopify/a1ab5237d7e1a38dec36.jpg,
fapomoto,produkty/p0024-td04hl-fapo-turbo-for-07-12-acura-rdx-k23a1-2-3l-2300do-vt-t-mitsubishi-td04hl-49389.html,FAPO Turbo for 07-12 Acura RDX K23A1 2.3L 2300DO-VT.T Mitsubishi TD04HL 49389,assets/images/products/shopify/8b10da55c56d69476a6b.jpg,
fapomoto,produkty/p0025-mr16ddt-fapo-turbo-for-2011-2017-nissan-juke-1-6l-mr16ddt-14411-1kc1b-49335-00850-nismo.html,FAPO Turbo for 2011-2017 Nissan Juke 1.6L MR16DDT 14411-1KC1B 49335-00850 Nismo,assets/images/products/shopify/61d9b4156f8f081fd654.jpg,
fapomoto,produkty/p0026-ft025210-fapo-turbo-for-chevy-cobalt-hhr-pontiac-solstice-buick-regal-verano-sky-2-0-l850.html,FAPO Turbo for Chevy Cobalt HHR Pontiac Solstice Buick Regal Verano sky 2.0 L850,assets/images/products/shopify/1b016d623fa81bb06a7a.jpg,
fapomoto,produkty/p0027-ft019210-fapo-turbo-for-07-16-mini-cooper-s-clubman-countryman-paceman-r56-r57-r58-rcz-r.html,FAPO Turbo for 07-16 Mini Cooper S Clubman Countryman Paceman R56 R57 R58 RCZ R,assets/images/products/shopify/bcf7f9e60b16e7a45e95.jpg,
fapomoto,produkty/p0028-fe640210-fapo-turbo-manifold-t3-for-chevy-pontiac-camaro-firebird-el-camino-chevelle-small-block-sbc-283-.html,FAPO Turbo Manifold T3 for Chevy Pontiac Camaro Firebird El Camino Chevelle Small Block SBC 283 305 327 350 400 V8,assets/images/products/shopify/b14c0f86bfd6f6de0661.jpg,
fapomoto,produkty/p0029-ps011310-coilover-for-nissan-sentra-2000-2006-ps011310.html,Coilover for Nissan Sentra 2000-2006 PS011310,assets/images/products/shopify/05d0ee76c1b2fc4c718b.jpg,
fapomoto,produkty/p0030-ps013810-coilover-for-mitsubishi-eclipse-2000-2005-ps013810.html,Coilover for Mitsubishi Eclipse 2000-2005 PS013810,assets/images/products/shopify/59f6bae969614b98fde3.jpg,
fapomoto,produkty/p0031-ls430-coilover-for-lexus-ls430-ucf30-xf30-2001-2006-ps015810.html,Coilover for Lexus LS430 UCF30 XF30 2001-2006 PS015810,assets/images/products/shopify/10f990b517886f03426a.jpg,
fapomoto,produkty/p0032-xv20-coilovers-for-toyota-camry-xv20-1997-2001-ps035510.html,Coilovers for Toyota Camry( XV20) 1997-2001 PS035510,assets/images/products/shopify/11b83814e9b0a9026bde.jpg,
fapomoto,produkty/p0033-ps003110-coilovers-for-mitsubishi-eclipse-1995-1999-ps003110.html,Coilovers for Mitsubishi Eclipse 1995-1999 PS003110,assets/images/products/shopify/26089377c89a5c57293e.jpg,
fapomoto,produkty/p0034-ps022210-coilover-for-honda-crv-cr-v-2007-2011-re1-re5-re7-adj-height-ps022210.html,Coilover for Honda CRV CR-V 2007-2011 RE1-RE5/RE7 Adj Height PS022210,assets/images/products/shopify/c674bfe2c99f42ed126a.jpg,
fapomoto,produkty/p0035-ps029010-coilover-for-hyundai-veloster-2012-2017-ps029010.html,Coilover for Hyundai Veloster 2012-2017 PS029010,assets/images/products/shopify/ad89f200414edd51f43b.jpg,
fapomoto,produkty/p0036-ps056610-coilover-for-mercedes-benz-w203-00-07-benz-clk-w209-2002-2009-ps056610.html,Coilover for Mercedes Benz W203 00-07 Benz CLK W209 2002-2009 PS056610,assets/images/products/shopify/ee2d6119f0dd64ad6a3b.jpg,
fapomoto,produkty/p0037-ps016410-coilover-for-bmw-m3-e90-e92-e93-2007-2011-adj-height-ps016410.html,Coilover for BMW M3 E90/E92/E93 2007-2011 Adj Height PS016410,assets/images/products/shopify/3c8ec2e331ffe73c632f.jpg,
fapomoto,produkty/p0038-ps006810-coilover-for-bmw-5-series-rwd-e39-m5-1997-2003-adj-height-ps006810.html,Coilover for BMW 5 Series RWD E39 M5 1997-2003 Adj Height PS006810,assets/images/products/shopify/514720bd5298b67840a5.jpg,
fapomoto,produkty/p0039-ps006410-coilover-for-bmw-3-series-e90-e91-e92-rwd-2006-2013-adj-height-ps006410.html,Coilover for BMW 3-Series E90 E91 E92 RWD 2006-2013 Adj Height PS006410,assets/images/products/shopify/3b6ed8a70481e36d6134.jpg,
fapomoto,produkty/p0040-ps006010-coilover-for-bmw-e36-3-series-rwd-1992-1999-adj-height-ps006010.html,Coilover for BMW E36 3 Series RWD 1992-1999 Adj Height PS006010,assets/images/products/shopify/393bb96b8676702e397d.jpg,
fapomoto,produkty/p0041-ps007610-coilover-for-mazda-rx-8-2004-2011-adj-height-ps007610.html,Coilover for Mazda RX-8 2004-2011 Adj Height PS007610,assets/images/products/shopify/b3ae448f4d7e15c4d9bf.jpg,
fapomoto,produkty/p0042-ps007210-coilover-for-mazda-rx-7-fc3s-1987-1991-adj-height-ps007210.html,Coilover for Mazda RX-7 FC3S 1987-1991 Adj Height PS007210,assets/images/products/shopify/862d61cfb9b5430ab0e2.jpg,
fapomoto,produkty/p0043-ps000110-coilover-for-subaru-impreza-02-07-wrx-gdb-04-sti-ps000110.html,Coilover for Subaru Impreza 02-07 WRX GDB 04 STI PS000110,assets/images/products/shopify/2a8b14733176d4316dac.jpg,
fapomoto,produkty/p0044-ps001310-coilover-for-nissan-s14-240sx-silvia-1995-1998-ps001310.html,Coilover for Nissan S14 240SX Silvia 1995-1998 PS001310,assets/images/products/shopify/b6ac6d8f23bef718d812.jpg,
fapomoto,produkty/p0045-ps001210-coilover-for-nissan-s13-240sx-silvia-1989-1994-adj-height-ps001210.html,Coilover for Nissan S13 240SX Silvia 1989-1994 Adj Height PS001210,assets/images/products/shopify/3ff76cb34cde72341b33.jpg,
fapomoto,produkty/p0046-is200-coilover-for-lexus-1999-2005-is200-is300-shock-absorber-adj-height-ps015410.html,Coilover for Lexus 1999-2005 IS200/IS300 Shock Absorber Adj height PS015410,assets/images/products/shopify/3b6ed8a70481e36d6134.jpg,
fapomoto,produkty/p0047-agt20-coilover-for-scion-tc-2011-2016-agt20-toyota-prius-2008-2015-ps065610.html,Coilover for Scion TC 2011-2016 AGT20/Toyota Prius 2008-2015 PS065610,assets/images/products/shopify/b56fb9ee918363ab50be.jpg,
fapomoto,produkty/p0048-ps003610-coilover-for-lancer-9th-gen-2007-2020-ps003610.html,Coilover for Lancer 9th Gen 2007 - 2020  PS003610,assets/images/products/shopify/0ca21d6882b9067b75ba.jpg,
fapomoto,produkty/p0049-ps004110-coilover-for-volkswagen-jetta-mk5-mk6-fwd-2006-2017-ps004110.html,Coilover for Volkswagen Jetta MK5 MK6 FWD 2006-2017 PS004110,assets/images/products/shopify/89b4854fd52bfc232497.jpg,
fapomoto,produkty/p0050-ps025410-coilover-for-toyota-corolla-2003-2008-e120-adj-height-ps025410.html,Coilover for Toyota Corolla 2003-2008 E120 Adj Height PS025410,assets/images/products/shopify/1ec58a746bd60e2ba0ff.jpg,
fapomoto,produkty/p0051-ps025710-coilover-for-toyota-corolla-2009-2018-adj-height-ps025710.html,Coilover for Toyota Corolla 2009-2018 Adj Height PS025710,assets/images/products/shopify/3c8156388d070135aa00.jpg,
fapomoto,produkty/p0052-ps012610-coilover-for-honda-accord-2013-2017-acura-tlx-15-20-ps012610.html,Coilover for Honda Accord 2013-2017 Acura TLX 15-20 PS012610,assets/images/products/shopify/4158aba92ea16d5cbb98.jpg,
fapomoto,produkty/p0053-ps007310-coilover-for-mazda-miata-mx5-na-nb-1990-2005-ps007310.html,Coilover for Mazda Miata MX5 NA NB 1990-2005 PS007310,assets/images/products/shopify/d708fcb8e0fa0a0de4a5.jpg,
fapomoto,produkty/p0054-ps021110-coilover-for-nissan-maxima-a35-a36-2009-2020-ps021110.html,Coilover for Nissan Maxima A35 A36 2009-2020 PS021110,assets/images/products/shopify/c9214598e1514f9863d7.jpg,
fapomoto,produkty/p0055-ps008410-coilover-for-nissan-370z-z34-2012-2016-ps008410.html,Coilover for Nissan 370Z Z34 2012-2016 PS008410,assets/images/products/shopify/54d42f9f663b071e82fb.jpg,
fapomoto,produkty/p0056-ps006110-coilover-for-bmw-e46-325-328-330-rwd-1997-2006-ps006110.html,Coilover for BMW E46 325 328 330 RWD 1997-2006 PS006110,assets/images/products/shopify/36984828b02b831f98e0.jpg,
fapomoto,produkty/p0057-ps016610-coilover-for-mini-cooper-r56-2006-2013-adj-height-ps016610.html,Coilover for Mini Cooper R56 2006-2013 Adj Height PS016610,assets/images/products/shopify/4f6de5ed9a3e6edfe260.jpg,
fapomoto,produkty/p0058-ps016510-coilover-for-mini-cooper-r50-cooper-r53-2002-2008-adj-height-ps016510.html,Coilover for Mini Cooper R50 Cooper R53 2002-2008 Adj Height PS016510,assets/images/products/shopify/87d23825cec7aea079fd.jpg,
fapomoto,produkty/p0059-ps012320-16-level-damping-coilover-for-honda-accord-2003-2007-cm-acura-tsx-2004-2008-cl9-ps012320.html,16-Level Damping Coilover For Honda Accord 2003-2007 CM/Acura TSX 2004-2008 CL9 PS012320,assets/images/products/shopify/f8854acf2000ce384567.jpg,
fapomoto,produkty/p0060-ps002420-16-level-damping-coilover-for-honda-ciivic-1992-2000-acura-integra-1994-2001-ps002420.html,16-Level Damping Coilover For Honda CIivic 1992-2000 Acura Integra 1994-2001 PS002420,assets/images/products/shopify/c558783931e0140f367f.jpg,
fapomoto,produkty/p0061-ps002120-16-level-damping-coilover-for-honda-civic-si-2001-2005-em2-ep3-ps002120.html,16-Level Damping Coilover for Honda Civic & SI 2001-2005 EM2 EP3 PS002120,assets/images/products/shopify/8e19f551650c1202e336.jpg,
fapomoto,produkty/p0062-pz006110-rear-adjustable-camber-arm-for-92-06-bmw-3-series-e36-e46-x3-e83-04-10-pz006110.html,Rear Adjustable Camber Arm For 92-06 BMW 3- Series E36 E46 X3 E83 04-10 PZ006110,assets/images/products/shopify/5d4e999864307f5a2c8f.jpg,
fapomoto,produkty/p0063-mx004310-coilover-for-volkswagen-polo-aw-2017-2019-adjustable-height-mx004310.html,Coilover for Volkswagen Polo AW (2017-2019) Adjustable Height MX004310,assets/images/products/shopify/10b1c655de77065e8ee9.jpg,
fapomoto,produkty/p0064-ps000010-fapo-pair-of-universal-coilover-adjustable-tool-spanner-wrench-black-ps000010.html,FAPO Pair of Universal Coilover Adjustable Tool Spanner Wrench Black PS000010,assets/images/products/shopify/a2c8c1472c1f7c0ddb10.jpg,
fapomoto,produkty/p0065-pz006310-front-steering-drift-lower-control-arm-wide-angle-kit-for-bmw-e46-pz006310.html,Front Steering Drift Lower Control Arm Wide Angle Kit For BMW E46 PZ006310,assets/images/products/shopify/d6308a8ea21c2201f102.jpg,
fapomoto,produkty/p0066-td03-fapo-500hp-twin-turbos-td03-for-bmw-n54-535i-135i-z4-x6-740i-e60-e82-e89-f71-f01-oe-design.html,FAPO 500HP Twin Turbos TD03 for BMW N54 535i 135i Z4 X6 740i E60 E82 E89 F71 F01 OE design,assets/images/products/shopify/2d83cc62eafe424817dd.jpg,
fapomoto,produkty/p0067-fe003811-fapo-muffler-delete-pipe-kit-for-11-17-ford-f250-f350-super-duty-6-7l-diesel-4in-409ss.html,FAPO Muffler Delete Pipe Kit for 11-17 Ford F250 F350 Super Duty 6.7L Diesel 4in 409SS,assets/images/products/shopify/6d5dde34679bf661be0a.jpg,
fapomoto,produkty/p0068-fj007010-fapo-2-x-50ft-roll-titanium-header-pipe-lava-manifold-exhaust-heat-wrap-10-ties.html,FAPO 2 x 50ft Roll Titanium Header Pipe Lava Manifold Exhaust Heat Wrap 10 Ties,assets/images/products/shopify/660aa5d17edc0f96fb9a.jpg,
fapomoto,produkty/p0069-ps005510-coilover-for-toyota-corolla-1988-2002-ps005510.html,Coilover for Toyota Corolla 1988-2002 PS005510,assets/images/products/shopify/d70f056ac9eff260c817.jpg,
fapomoto,produkty/p0070-ps002510-coilover-for-honda-civic-2012-2015-ps002510.html,Coilover for Honda Civic 2012-2015 PS002510,assets/images/products/shopify/216da3bcba315b6c62f3.jpg,
fapomoto,produkty/p0071-ps002010-coilover-for-honda-civic-8th-gen-2006-2011-fd-fa-acura-csx-ps002010.html,Coilover for Honda Civic 8th Gen 2006-2011 FD/FA Acura CSX PS002010,assets/images/products/shopify/425cd1edd8db79ed88c7.jpg,
fapomoto,produkty/p0072-ps001410-coilover-for-nissan-350z-2003-2008-ps001410.html,Coilover for Nissan 350Z 2003-2008 PS001410,assets/images/products/shopify/e05631ee9c6be286c451.jpg,
fapomoto,produkty/p0073-fe455810-fapo-v-band-weld-on-flange-for-tial-50mm-blow-off-valve-bov-charge-pipe-q-qr-alu.html,FAPO V Band Weld on Flange for Tial 50mm Blow Off Valve BOV Charge Pipe Q QR Alu,assets/images/products/shopify/61b5e20fd8fb75a5ff82.jpg,
fapomoto,produkty/p0074-fe004111-fapo-muffler-delete-pipe-kit-for-dodge-ram-2500-3500-13-17-6-7l-diesel-cummins-4in-409ss.html,FAPO Muffler Delete Pipe Kit for Dodge Ram 2500 3500 13-17 6.7L Diesel Cummins 4in 409SS,assets/images/products/shopify/add686d7dd491bcedaf3.jpg,
fapomoto,produkty/p0075-fz071310-rear-extended-stainless-steel-brake-line-for-ford-f-250-f-350-super-duty-99-04.html,Rear Extended Stainless Steel Brake Line For Ford F-250 F-350 Super Duty 99-04,assets/images/products/shopify/530926cf2a9475937eea.jpg,
fapomoto,produkty/p0076-fz070810-rear-extended-brake-line-for-07-18-jeep-wrangler-jk-2-6-lift.html,REAR Extended Brake Line for 07-18 Jeep Wrangler JK 2-6  lift,assets/images/products/shopify/18f7c71bfb249bce4d29.jpg,
fapomoto,produkty/p0077-fz070710-front-extended-brake-line-for-07-18-jeep-wrangler-jk-2-6-lift.html,FRONT Extended Brake Line for 07-18 Jeep Wrangler JK 2-6  lift,assets/images/products/shopify/4f73ccc4c0c938200b52.jpg,
fapomoto,produkty/p0078-fz070510-front-extended-brake-line-for-99-04-ford-f-250-f-350-super-duty-4wd-4-8-lift.html,FRONT Extended Brake Line for 99-04 Ford F-250 F-350 Super Duty 4WD 4-8  lift,assets/images/products/shopify/f02161334e2e3d415394.jpg,
fapomoto,produkty/p0079-fz070310-extended-ss-brake-line-rear-for-87-06-jeep-wrangler-tj-yj-xj-4-6-lift.html,Extended SS Brake Line (REAR) for 87-06 Jeep Wrangler TJ YJ XJ 4-6  lift,assets/images/products/shopify/dc90136e917b6c20658c.jpg,
fapomoto,produkty/p0080-fz070210-front-extended-brake-line-for-87-06-jeep-wrangler-tj-yj-xj-4-6-lift.html,FRONT Extended Brake Line for 87-06 Jeep Wrangler TJ YJ XJ 4-6  lift,assets/images/products/shopify/a7d5d9b7c2f00bdac551.jpg,
fapomoto,produkty/p0081-fz060120-rear-adjustable-control-arms-for-jeep-wrangler-07-18-jk-0-6-in-lift-kit-4-pcs-fz060120-fz060140.html,Rear Adjustable Control Arms For Jeep Wrangler 07-18 JK 0-6 in Lift Kit 4 Pcs FZ060120+FZ060140,assets/images/products/shopify/75b894a8b53f49090173.jpg,
fapomoto,produkty/p0082-fz060110-front-adjustable-control-arms-for-jeep-wrangler-07-18-jk-0-6-in-lift-kit-4-pcs-fz060110-fz060130.html,Front Adjustable Control Arms For Jeep Wrangler 07-18 JK 0-6 in Lift Kit 4 Pcs FZ060110+FZ060130,assets/images/products/shopify/6df75d4af99c02d6b902.jpg,
fapomoto,produkty/p0083-fz036010-extended-ss-brake-line-front-for-87-91-blazer-suburban-jimmy-4-6-lift.html,Extended SS Brake Line (FRONT) for 87-91 Blazer Suburban Jimmy 4-6  lift,assets/images/products/shopify/436c548882e57d92d767.jpg,
fapomoto,produkty/p0084-fz034010-fapo-front-4-6-extended-brake-lines-for-chevy-c-k-10-20-30-k5-blazer-1971-1978.html,"FAPO Front 4-6"" Extended Brake Lines For Chevy C K 10 20 30 K5 Blazer 1971-1978",assets/images/products/shopify/34198c8e34229fe8abd6.jpg,
fapomoto,produkty/p0085-fz033510-extended-ss-brake-line-rear-for-71-91-chevy-gmc-c-k-10-15-20-4-6-lift.html,Extended SS Brake Line (REAR) for 71-91 Chevy GMC C/K 10 15 20 4-6  lift,assets/images/products/shopify/45482e38c07b18cc94f0.jpg,
fapomoto,produkty/p0086-fz031010-front-extended-stainless-steel-brake-lines-for-ford-f-150-xlt-bronco-1980-1996.html,Front Extended Stainless Steel Brake Lines For Ford F-150 XLT Bronco 1980-1996,assets/images/products/shopify/3aa2e842dae67dde2b9f.jpg,
fapomoto,produkty/p0087-td04-fapo-950hp-twin-turbos-td04-19t-for-bmw-n54-535i-135i-z4-x6-740-e60-e89-f71-f01.html,FAPO 950HP Twin Turbos TD04 19T for BMW N54 535i 135i Z4 X6 740 E60 E89 F71 F01,assets/images/products/shopify/cbcb5b726490fddf85d3.jpg,
fapomoto,produkty/p0088-fz033010-rear-extended-stainless-steel-brake-line-for-ford-f-150-xlt-bronco-1980-1996.html,Rear Extended Stainless Steel Brake Line For Ford F-150 XLT Bronco 1980-1996,assets/images/products/shopify/8543bc96baa2a3bd4d33.jpg,
fapomoto,produkty/p0089-pz006210-fapo-e36-angle-kit-drift-front-lower-control-arm-for-bmw-e36-pz006210.html,Fapo E36 Angle Kit Drift Front Lower Control Arm for BMW E36 PZ006210,assets/images/products/shopify/8bfa12b29b102ec11b8f.jpg,
fapomoto,produkty/p0090-fz071010-extended-ss-brake-line-front-08-15-ford-f-250-f-350-super-duty-4wd-4-6-lift.html,Extended SS Brake Line (FRONT) 08-15 Ford F-250 F-350 Super Duty 4WD 4-6  lift,assets/images/products/shopify/47cfefe4ce2362721323.jpg,
fapomoto,produkty/p0091-td04-fapo-700hp-twin-turbos-td04-17t-for-bmw-n54-535i-135i-z4-x6-740-e60-e89-f71-f01.html,FAPO 700HP Twin Turbos TD04 17T for BMW N54 535i 135i Z4 X6 740 E60 E89 F71 F01,assets/images/products/shopify/d0327b2461d07863acba.jpg,
fapomoto,produkty/p0092-fe640180-fapo-single-turbo-headers-for-chevy-nova-camaro-chevelle-caprice-small-block-v8.html,FAPO Single Turbo Headers for Chevy Nova Camaro Chevelle Caprice Small Block V8,assets/images/products/shopify/f2c4fc0815d1cb28de0b.jpg,
fapomoto,produkty/p0093-fe696220-fapo-ls-swap-long-tube-header-1-3-4-for-chevelle-el-camino-malibu-gto-lemans.html,FAPO LS Swap Long Tube Header 1-3/4  for Chevelle El Camino Malibu GTO Lemans,assets/images/products/shopify/0a5a8cf7bb3a6616a4fb.jpg,
fapomoto,produkty/p0094-fe696210-fapo-long-tube-header-1-7-8-for-99-06-chevy-gmc-silverado-sierra-tahoe-yukon-fe696210.html,FAPO Long Tube Header 1-7/8  for 99-06 Chevy GMC Silverado Sierra Tahoe Yukon FE696210,assets/images/products/shopify/79a0c1f5abd89f2045f0.jpg,
fapomoto,produkty/p0095-fe637110-fapo-shorty-headers-for-ford-f-150-11-14-5-0l-v8-1-5-8-exhaust-manifold-409ss.html,FAPO Shorty Headers for Ford F-150 11-14 5.0L V8 1-5/8  EXHAUST MANIFOLD 409SS,assets/images/products/shopify/d36028dcbd60c51fd1ff.jpg,
fapomoto,produkty/p0096-fe605320-fapo-turbo-manifold-for-honda-civic-acura-integra-b16-b18-dohc-vtec-t3-38mm-wg.html,FAPO Turbo Manifold for Honda Civic Acura Integra B16 B18 DOHC VTEC T3 38mm WG,assets/images/products/shopify/2ee55a46c02e7c9a6ed4.jpg,
fapomoto,produkty/p0097-pa360610-p1-off-road-front-shock-for-jeep-wrangler-jk-two-doors-2007-2018-3-4-5-in-lift-pa360610.html,P1 Off-road Front Shock for JEEP WRANGLER JK two doors 2007-2018  3-4.5 in lift PA360610,assets/images/products/shopify/e0701cf7af6d88e4d241.jpg,
fapomoto,produkty/p0098-ps012310-coilover-for-honda-accord-2003-2007-cm-acura-tsx-2004-2008-cl9-ps012310.html,Coilover for Honda accord 2003-2007 CM Acura TSX 2004-2008 CL9 PS012310,assets/images/products/shopify/dca0e2a5141919316de9.jpg,
fapomoto,produkty/p0099-pa260610-p1-off-road-rear-shock-for-jeep-wrangler-jk-2007-2018-0-2-5-in-lift-pa260610.html,P1 Off-road Rear shock for JEEP WRANGLER JK 2007-2018 0-2.5 in lift PA260610,assets/images/products/shopify/d5748608b92bc3dbad3f.jpg,
fapomoto,produkty/p0100-pa260710-p1-off-road-rear-shock-for-jeep-cherokee-xj-1984-2001-4-5-6-in-lift-pa260710.html,P1 Off-road Rear Shock for JEEP CHEROKEE XJ 1984 - 2001 4.5-6 in lift PA260710,assets/images/products/shopify/29ae877e30568e70fe5c.jpg,
fapomoto,produkty/p0101-pa160710-p1-off-road-front-shock-for-jeep-cherokee-xj-1984-2001-3-5-4-5-in-lift-pa160710.html,P1 Off-road Front shock for JEEP CHEROKEE XJ 1984 - 2001 3.5-4.5 in lift PA160710,assets/images/products/shopify/f48645bbf9ba64b675b3.jpg,
fapomoto,produkty/p0102-pa262010-p1-off-road-rear-shock-for-chevrolet-silverado-1500-2007-2021-chevyrolet-silverado-1500-classic-.html,P1 Off-road Rear Shock for CHEVROLET SILVERADO 1500 2007-2021 CHEVYROLET SILVERADO 1500 CLASSIC 2019-2019 GMC SIERRA 1500 2007 - 2021 GMC SIERRA 1500 CLASSIC 2019-2019  4.5-8 in lift PA262010,assets/images/products/shopify/af64ab948bcd6441e030.jpg,
fapomoto,produkty/p0103-pa162010-p1-off-road-rear-shock-for-chevrolet-silverado-1500-2007-2021-gmc-sierra-1500-2007-2021-chevyrol.html,P1 Off-road Rear shock for CHEVROLET SILVERADO 1500 2007-2021 GMC SIERRA 1500 2007 - 2021 CHEVYROLET SILVERADO 1500 CLASSIC 2019-2019 GMC SIERRA 1500 CLASSIC 2019-2019 0-4 in lift PA162010,assets/images/products/shopify/50cd16fc3c2cfc20b246.jpg,
fapomoto,produkty/p0104-pa267110-p1-off-road-rear-shock-for-ford-f-150-2004-2021-0-3-5-in-lift-pa267110.html,P1 Off-road Rear Shock for FORD F-150 2004-2021  0-3.5 in lift PA267110,assets/images/products/shopify/f0ee20e108579016d356.jpg,
fapomoto,produkty/p0105-pa264610-p1-off-road-rear-shock-for-jeep-wrangler-tj-96-08-1-3-in-lift-pa264610.html,P1 Off-road Rear Shock for Jeep Wrangler TJ 96-08 1-3 in lift PA264610,assets/images/products/shopify/5ed289174ccae643d461.jpg,
fapomoto,produkty/p0106-pa164610-p1-off-road-front-shock-for-jeep-wrangler-tj-96-08-1-3-in-lift-pa164610.html,P1 Off-road Front Shock for Jeep Wrangler TJ 96-08 1-3 in lift PA164610,assets/images/products/shopify/2b98e015491ee8c1cfd5.jpg,
fapomoto,produkty/p0107-ps012410-coilover-for-honda-accord-2008-2012-acura-tsx-2009-2014-shock-absorber-ps012410.html,Coilover for Honda Accord 2008-2012 Acura TSX 2009-2014 Shock Absorber PS012410,assets/images/products/shopify/9e57ba23afea5fbe7592.jpg,
fapomoto,produkty/p0108-is350-coilover-for-lexus-2006-2013-is350-is250-gs350-ps015510.html,Coilover for Lexus 2006-2013 IS350/IS250 GS350 PS015510,assets/images/products/shopify/a1e2e8e116ad8d9b624d.jpg,
fapomoto,produkty/p0109-ps012210-coilover-for-honda-accord-1990-1997-cb-cd-ps012210.html,Coilover for Honda Accord 1990-1997 CB CD PS012210,assets/images/products/shopify/87b549a16e3a76ae7729.jpg,
fapomoto,produkty/p0110-ps022010-coilover-fit-honda-crv-1996-1997-1998-1999-2000-2001-ps022010.html,Coilover fit Honda CRV 1996 1997 1998 1999 2000 2001 PS022010,assets/images/products/shopify/8b7258232893183952b7.jpg,
fapomoto,produkty/p0111-ps002410-coilover-for-honda-civic-6th-gen-1996-2000-5th-gen-1992-1995-acura-integra-3rd-gen-1994-2001-ps0.html,Coilover for Honda Civic 6th Gen 1996-2000 5th Gen 1992-1995 Acura Integra 3rd Gen 1994-2001 PS002410,assets/images/products/shopify/65978478b377313fda0b.jpg,
fapomoto,produkty/p0112-ps002110-coilover-for-honda-civic-si-2001-2002-2003-2004-2005-em2-ep3-ps002110.html,Coilover for Honda Civic & SI 2001 2002 2003 2004 2005 EM2 EP3 PS002110,assets/images/products/shopify/76ad5ea3d1b551af58a3.jpg,
fapomoto,produkty/p0113-fe696230-ls-swap-long-tube-header-1-7-8-compatible-with-chevy-gmc-c10-c1500-ls1-ls2-ls3-ls6-ls7-fe696230.html,LS Swap Long Tube Header 1-7/8  compatible with Chevy GMC C10 C1500 LS1 LS2 LS3 LS6 LS7 FE696230,assets/images/products/shopify/0515b6db8248d33d1c1e.jpg,
fapomoto,produkty/p0114-fe696120-shorty-headers-compatible-with-03-06-chevy-gmc-silverado-sierra-1500hd-2500hd-tahoe-yukon-suburb.html,Shorty Headers compatible with 03-06 Chevy GMC Silverado Sierra 1500HD 2500HD Tahoe Yukon Suburban Cadillac Escalade 6.0L V8 FE696120,assets/images/products/shopify/e384f1db3da1f09048b4.jpg,
fapomoto,produkty/p0115-td04-950hp-twin-turbos-td04-19t-compatible-with-bmw-n54-335i-335xi-335is-e90-e91-e92-e93-3-0l-ft10031.html,950HP Twin Turbos TD04 19T compatible with BMW N54 335i 335xi 335is E90 E91 E92 E93 3.0L FT100310+FT100320,assets/images/products/shopify/c680bfe28bb69b789d4c.jpg,
fapomoto,produkty/p0116-ft029210-1000hp-s400sx4-75-s475-turbo-t6-twin-scroll-1-32a-r-171702-turbo-charger-ft029210.html,1000HP S400SX4-75 S475 Turbo T6 Twin Scroll 1.32A/R 171702 Turbo Charger FT029210,assets/images/products/shopify/2d3b924cff3cba0d5718.jpg,
fapomoto,produkty/p0117-ft028610-fapo-twin-turbos-compatible-with-2013-2016-ford-f-150-pickup-expedition-transit-navigator-3-5l-v.html,FAPO Twin Turbos compatible with 2013-2016 Ford F-150 Pickup Expedition Transit Navigator 3.5L V8 K03 0469 0470 FT028610+FT028710,assets/images/products/shopify/713cc30fcf115e87be58.jpg,
fapomoto,produkty/p0118-fe696510-fapo-shorty-headers-for-04-10-ford-f150-xl-xlt-fx4-lariat-king-ranch-5-4l-330-v8-fe696510.html,FAPO Shorty Headers for 04-10 Ford F150 XL XLT FX4 Lariat King Ranch 5.4L 330 V8 FE696510,assets/images/products/shopify/9b6f4b3884b2e63d1f83.jpg,
fapomoto,produkty/p0119-fe696130-shorty-headers-compatible-with-02-13-silverado-sierra-1500-2500-tahoe-yukon-suburban-escalade-bl.html,Shorty Headers compatible with 02-13 Silverado Sierra 1500 2500 Tahoe Yukon Suburban Escalade BLACK V8 304 Stainless FE696130,assets/images/products/shopify/c171b37f2a21f80aff58.jpg,
fapomoto,produkty/p0120-fe625120-turbo-manifold-compatible-with-mazdaspeed-3-mazdaspeed-6-mazda-cx-7-mazda-6-2-3l-mzr-disi-mps-fe.html,Turbo Manifold compatible with Mazdaspeed 3 Mazdaspeed 6 Mazda CX-7 Mazda 6 2.3L MZR DISI MPS FE625120,assets/images/products/shopify/ef6e32f42bacffc30a96.jpg,
fapomoto,produkty/p0121-fe625110-turbo-manifold-compatible-with-mazdaspeed-3-mazdaspeed-6-mazda-cx-7-mazda-6-2-3l-mzr-disi-mps-44.html,Turbo Manifold compatible with Mazdaspeed 3 Mazdaspeed 6 Mazda CX-7 Mazda 6 2.3L MZR DISI MPS 44mm wastegate external gate FE625110,assets/images/products/shopify/8fb058beced2c74b7949.jpg,
fapomoto,produkty/p0122-fe640170-fapo-shorty-headers-for-08-13-chevy-silverado-gmc-sierra-1500-5-3l-v8-1-3-4-primary-409ss-fe6401.html,FAPO Shorty Headers for 08-13 Chevy Silverado GMC Sierra 1500  5.3L V8 1-3/4 Primary 409SS FE640170,assets/images/products/shopify/789cd79be1fa78870305.jpg,
fapomoto,produkty/p0123-fe640150-fapo-turbo-headers-for-chevy-chevelle-malibu-el-camino-a-body-small-block-v8-el-camino-impala-be.html,FAPO Turbo Headers for Chevy Chevelle Malibu El Camino A-body Small Block V8 El Camino Impala Bel Air Camaro Nova FE640150,assets/images/products/shopify/23551bebd0f42de5d14c.jpg,
fapomoto,produkty/p0124-schedule40-turbo-manifold-compatible-with-honda-civic-acura-integra-b16-b18-schedule40-t3-44mm-wg-fe605310.html,Turbo Manifold compatible with Honda Civic Acura Integra B16 B18 SCHEDULE40 T3 44mm WG FE605310,assets/images/products/shopify/bfcc7643b9fda1156f90.jpg,
fapomoto,produkty/p0125-fe640160-fapo-shorty-headers-for-14-18-chevy-silverado-gmc-sierra-1500-5-3l-v8-1-7-8-primary-409ss-fe6401.html,FAPO Shorty Headers for 14-18 Chevy Silverado GMC Sierra 1500 5.3L V8 1-7/8  Primary 409SS FE640160,assets/images/products/shopify/17f9838b8a44f943cab5.jpg,
fapomoto,produkty/p0126-fe591320-fapo-charge-pipe-kit-for-bmw-n54-135i-335i-335is-1m-e82-e88-e90-e92-e93-ssqv-bov-blow-off-valve-.html,FAPO Charge Pipe Kit for BMW N54 135i 335i 335is 1M E82 E88 E90 E92 E93 SSQV BOV BLOW OFF VALVE Intake Hard Pipe Black FE591320,assets/images/products/shopify/8e1a9148a59d5fb328fe.jpg,
fapomoto,produkty/p0127-fe687410-ls-swap-headers-304ss-for-chevy-c10-chevelle-camaro-caprice-ls1-ls2-ls6-ls7-lsx-fe687410.html,LS Swap Headers 304SS FOR Chevy C10 Chevelle Camaro Caprice LS1 LS2 LS6 LS7 LSX FE687410,assets/images/products/shopify/dc9f4549e3e55473389c.jpg,
fapomoto,produkty/p0128-fz069630-jk-jl-rear-sway-bar-links-kits-for-2007-2022-jeep-wrangler-1-2-5in-lift-fz069630.html,JK JL REAR Sway Bar Links Kits FOR 2007-2022 Jeep wrangler 1-2.5in Lift FZ069630,assets/images/products/shopify/c399323a200d930bf928.jpg,
fapomoto,produkty/p0129-fz069620-jk-jl-front-sway-bar-links-kits-for-2007-2022-jeep-wrangler-1-2-5in-lift-fz069620.html,JK JL FRONT Sway Bar Links Kits FOR 2007-2022 Jeep wrangler 1-2.5in Lift FZ069620,assets/images/products/shopify/dab6ebc4abb8eefe5da2.jpg,
fapomoto,produkty/p0130-fe902510-2-5-id-t304-ss-exhaust-flex-bellows-2-55-long-flex-joint-pipe-ultra-strong-fe902510.html,2.5 ID T304 SS EXHAUST FLEX BELLOWS 2.55 Long Flex Joint Pipe ULTRA STRONG FE902510,assets/images/products/shopify/0ba1829a13d8d937de17.jpg,
fapomoto,produkty/p0131-fe902810-2-75-id-t304-ss-exhaust-flex-bellows-4-long-flex-joint-pipe-ultra-strong-fe902810.html,2.75   ID T304 SS EXHAUST FLEX BELLOWS 4  Long Flex Joint Pipe ULTRA STRONG FE902810,assets/images/products/shopify/c5a9ff5b08e2f49b82e3.jpg,
fapomoto,produkty/p0132-fe902310-2-25-id-t304-ss-exhaust-flex-bellows-2-55-long-flex-joint-pipe-ultra-strong-fe902310.html,2.25  ID T304 SS EXHAUST FLEX BELLOWS 2.55  Long Flex Joint Pipe ULTRA STRONG FE902310,assets/images/products/shopify/93a85ab0e0334117f97f.jpg,
fapomoto,produkty/p0133-fe748010-2-5-x-pipe-mid-pipe-compatible-with-ford-mustang-gt-15-18-s550-resonator-delete-5-0l-coyote-v8-f.html,2.5  X-Pipe Mid-Pipe compatible with Ford Mustang GT 15-18 S550 Resonator Delete 5.0L Coyote V8 FE748010,assets/images/products/shopify/d10b4685f97bf1e306b4.jpg,
fapomoto,produkty/p0134-fe687110-shorty-headers-compatible-with-chevy-gmc-88-95-c1500-k1500-c2500-k2500-305-350-5-0l-5-7l-v8-fe68.html,Shorty Headers compatible with Chevy GMC 88-95 C1500 K1500 C2500 K2500 305 350 5.0L 5.7L V8 FE687110,assets/images/products/shopify/330fd669def0525c8c3f.jpg,
fapomoto,produkty/p0135-fe591310-intake-turbo-charge-pipe-50mm-bov-kit-for-bmw-n54-e60-e88-e89-e90-e92-135i-335i-535i-z4-fe591310.html,Intake Turbo Charge Pipe 50MM BOV Kit for BMW N54 E60 E88 E89 E90 E92 135i 335i 535i Z4 FE591310,assets/images/products/shopify/9f86067466eead5ee08a.jpg,
fapomoto,produkty/p0136-cls55-fapo-long-tube-headers-manifolds-for-03-06-mercedes-amg-e55-cls55-m113-x-pipe-fe635110.html,FAPO Long Tube Headers Manifolds for 03-06 Mercedes AMG E55 CLS55 M113 X-Pipe FE635110,assets/images/products/shopify/65c474f47e5045fccbae.jpg,
fapomoto,produkty/p0137-fe696110-f-body-ls1-ls2-lsx-ls9-lq9-turbo-headers-manifolds-exhaust-1-3-4-primaries-compatible-with-chevr.html,F BODY LS1 LS2 LSX LS9 LQ9 Turbo Headers Manifolds Exhaust 1-3/4 PRIMARIES compatible with Chevrolet Camaro Firebird GTO CTS Corvette FE696110,assets/images/products/shopify/ea38cdf1bd7c7229a6cb.jpg,
fapomoto,produkty/p0138-fl069510-lowering-springs-compatible-with-dodge-challenger-08-21-1-5-f-1-5-r-v6-v8-blue-1-5-drop-fl069510.html,Lowering Springs compatible with Dodge Challenger 08-21 1.5 F/1.5 R V6 V8 BLUE 1.5  Drop FL069510,assets/images/products/shopify/67233a43981a9e4e182b.jpg,
fapomoto,produkty/p0139-fe790310-universal-dump-pipe-1-75-304ss-v-band-flanged-for-44mm-60mm-wastegate-fe790310.html,Universal Dump Pipe 1.75  304SS V-Band Flanged for 44mm 60mm Wastegate FE790310,assets/images/products/shopify/03f68f49b5e095c15bff.jpg,
fapomoto,produkty/p0140-fe696410-shorty-headers-exhaust-manifold-for-2009-2017-dodge-ram-1500-hemi-v8-5-7l-345-2wd-4wd-fe696410.html,Shorty Headers Exhaust Manifold for 2009-2017 Dodge Ram 1500 Hemi V8 5.7L 345 2WD 4WD FE696410,assets/images/products/shopify/9c4bfdbc8e79d7b46051.jpg,
fapomoto,produkty/p0141-fe690110-equal-length-headers-exhaust-manifold-for-bmw-e36-325i-323i-328i-m3-z3-m50-m52-fe690110.html,Equal Length Headers Exhaust Manifold for BMW E36 325i 323i 328i M3 Z3 M50 M52 FE690110,assets/images/products/shopify/ad802340bc74c35cb859.jpg,
fapomoto,produkty/p0142-fe640130-single-turbo-headers-for-lsx-ls2-t4-top-mount-swap-crossover-with-44mm-wg-fe640130.html,Single Turbo Headers for LSX LS2 T4 Top Mount Swap Crossover with 44mm WG FE640130,assets/images/products/shopify/3a0ee8af6a2b7d586960.jpg,
fapomoto,produkty/p0143-fz060110-adjustable-control-arms-for-jeep-wrangler-07-18-jk-0-6-lift-kits-8pcs-fz060110-fz060120-fz060130.html,"Adjustable Control Arms For Jeep Wrangler 07-18 JK 0-6""  Lift Kits 8PCS FZ060110+FZ060120+FZ060130+FZ060140",assets/images/products/shopify/3beabad870ddcb1b8e30.jpg,
fapomoto,produkty/p0144-fz009010-rear-camber-lateral-control-arm-for-02-07-93-01-impreza-wrx-sti-gd-gg-6pcs-fz009010.html,Rear Camber Lateral Control Arm FOR 02-07 93-01 IMPREZA WRX STi GD/GG 6PCS FZ009010,assets/images/products/shopify/d0a013cf8d8232e83c8e.jpg,
fapomoto,produkty/p0145-fe570410-turbo-inlet-pipes-for-00-05-audi-s4-avant-b5-rs4-a6-quattro-allroad-k04-2-7l-fe570410.html,Turbo Inlet Pipes for 00-05 Audi S4 Avant B5 RS4 A6 Quattro Allroad K04 2.7L FE570410,assets/images/products/shopify/d93b91420c0276978b41.jpg,
fapomoto,produkty/p0146-fe559210-2-5in-63mm-turbo-intercooler-pipe-kit-aluminum-polished-hose-clamp-diy-black-universal-fe559210.html,2.5in  63mm Turbo Intercooler Pipe Kit Aluminum Polished Hose Clamp DIY black Universal FE559210,assets/images/products/shopify/1a764ad197f02fd7550e.jpg,
fapomoto,produkty/p0147-fe455820-50mm-tial-bov-turbo-blow-off-valve-v-band-mild-steel-weld-on-flange-charge-pipe-q-qr-fe455820.html,50mm Tial BOV Turbo Blow Off Valve V Band Mild Steel Weld On FLANGE Charge Pipe Q QR FE455820,assets/images/products/shopify/72c237028e45d567e775.jpg,
fapomoto,produkty/p0148-fi500310-fapo-27-x6-x2-5-fmic-universal-aluminum-turbo-intercooler-2-25-in-outlet-fi500310.html,FAPO 27 x6 x2.5  FMIC UNIVERSAL ALUMINUM TURBO INTERCOOLER 2.25  IN/OUTLET FI500310,assets/images/products/shopify/2aa84f29bc9140f7c010.jpg,
fapomoto,produkty/p0149-fe902010-universal-2-id-t304-ss-exhaust-flex-bellows-2-55-long-flex-joint-pipe-ultra-strong-fe902010.html,Universal 2  ID T304 SS EXHAUST FLEX BELLOWS 2.55  Long Flex Joint Pipe ULTRA STRONG FE902010,assets/images/products/shopify/c20ccd867048fd45478e.jpg,
fapomoto,produkty/p0150-fe903010-universal-3-id-304-stainless-exhaust-flex-bellows-4-long-for-3-pipe-ultra-strong-fe903010.html,"Universal 3  ID 304 STAINLESS EXHAUST FLEX BELLOWS 4  LONG For 3  Pipe ,ULTRA STRONG FE903010",assets/images/products/shopify/a977099afedb79db8178.jpg,
fapomoto,produkty/p0151-fl017310-lowering-springs-compatible-with-ford-mustang-2005-2014-1-5-f-1-5-r-v6-v8-gt-blue-1-5in-drop-sus.html,Lowering Springs compatible with Ford Mustang 2005-2014 1.5 F/1.5 R V6 V8 GT BLUE 1.5in  Drop Suspension FL017310,assets/images/products/shopify/24bf73459a86335c4cd0.jpg,
fapomoto,produkty/p0152-fz100110-jk-jl-front-sway-bar-links-for-2007-2022-jeep-wrangler-3-5-in-lift-adjustable-quicker-disconnect.html,JK JL FRONT Sway Bar Links for 2007-2022 Jeep wrangler 3-5 in Lift Adjustable Quicker Disconnect FZ100110,assets/images/products/shopify/509a0c26e36e132613c2.jpg,
fapomoto,produkty/p0153-td03-500hp-twin-turbos-td03-for-bmw-n54-335i-335xi-335is-e90-e91-e92-e93-oe-design-ft100110-ft100120.html,500HP Twin Turbos TD03 for BMW N54 335i 335xi 335is E90 E91 E92 E93 OE design FT100110+FT100120,assets/images/products/shopify/beb7076918abe05f7ba9.jpg,
fapomoto,produkty/p0154-fe331810-long-tube-headers-for-chevy-gmc-c1500-k1500-pickup-suburban-suv-305-350-v8-fe331810.html,Long Tube Headers for Chevy GMC C1500 K1500 Pickup Suburban SUV 305 350 V8 FE331810,assets/images/products/shopify/4317774d92b6b87b7da1.jpg,
fapomoto,produkty/p0155-fl017110-lowering-springs-compatible-with-ford-mustang-1979-2004-1-5-f-1-5-r-v6-v8-gt-blue-1-5in-drop-sus.html,Lowering Springs compatible with Ford Mustang 1979-2004 1.5 F/1.5 R V6 V8 GT BLUE 1.5in  Drop Suspension FL017110,assets/images/products/shopify/ae6b2d00638751db9dfa.jpg,
fapomoto,produkty/p0156-td04l-750hp-twin-turbos-td04l-17t-for-bmw-n54-335i-335xi-335is-e90-e91-e92-e93-3-0l-ft100210-ft100220.html,750HP Twin Turbos TD04L 17T FOR BMW N54 335i 335xi 335is E90 E91 E92 E93 3.0L FT100210+FT100220,assets/images/products/shopify/45ff4276a68bbe627ac1.jpg,
fapomoto,produkty/p0157-pf086530-32-level-damping-coilover-for-bmw-f20-f21-f22-f23-f32-f33-f36-2011-2021-bmw-1-series-bmw-2-serie.html,32-Level Damping Coilover for BMW F20/F21/F22 / F23/F32/F33/F36 2011-2021 & BMW 1 Series/BMW 2 Series/BMW 4 Series 2011-2021 PF086530,assets/images/products/shopify/e5a98714b3b47850021a.jpg,
fapomoto,produkty/p0158-pf012930-32-level-damping-coilover-for-acura-tl-3rd-gen-ua6-ua7-2004-2008-pf012930.html,32-Level Damping Coilover for Acura TL 3rd Gen UA6/UA7 2004-2008 PF012930,assets/images/products/shopify/d2fd8351366f11a2de3f.jpg,
fapomoto,produkty/p0159-pf000120-32-level-damping-coilover-for-subaru-forester-sg-2003-2008-saab-9-2x-2004-2006-subaru-impreza-20.html,32-Level Damping Coilover for Subaru Forester SG 2003-2008 & Saab 9-2X 2004-2006 & Subaru Impreza 2002-2007 PF000120,assets/images/products/shopify/f521d5c235836e312a6d.jpg,
fapomoto,produkty/p0160-pf000320-32-level-damping-coilover-for-subaru-impreza-1st-gen-wrx-wrx-sti-gc-gc8-1993-2001-pf000320.html,32-Level Damping Coilover for Subaru Impreza 1st Gen WRX/WRX STI GC/GC8 1993-2001 PF000320,assets/images/products/shopify/bc12edf50c454e2f4d4a.jpg,
fapomoto,produkty/p0161-pf002530-32-level-damping-coilover-for-2012-2015-honda-civic-fg-fb-fg-fb-acura-ilx-de2-2016-2019-pf002530.html,32-Level Damping Coilover for 2012-2015 Honda Civic FG/FB/ FG/FB & Acura ILX DE2 2016-2019 PF002530,assets/images/products/shopify/3dfdb1645933a9a6487c.jpg,
fapomoto,produkty/p0162-pf004830-32-way-adjustable-damping-coilover-for-volkswagen-jetta-mk7-a7-mqb-2019-golf-gti-mk7-a7-mqb-2012.html,32-Way Adjustable Damping Coilover for Volkswagen Jetta MK7/A7/MQB 2019+ & Golf GTI MK7/A7/MQB 2012-2020 PF004830,assets/images/products/shopify/585b296176a4f77fc10d.jpg,
fapomoto,produkty/p0163-pf016430-32-level-damping-coilover-for-bmw-1-series-e82-2011-bmw-m3-e90-e92-e93-2007-2013-pf016430.html,32-Level Damping Coilover for BMW 1 Series E82 2011 &BMW M3 E90/E92/E93 2007-2013 PF016430,assets/images/products/shopify/dfddc73a7eb42bca3c14.jpg,
fapomoto,produkty/p0164-pf017130-32-level-damping-coilover-for-ford-fairmont-1981-1983-mustang-3rd-gen-1979-1993-pf017130.html,32-Level Damping Coilover for Ford Fairmont 1981-1983 & Mustang 3rd Gen 1979-1993 PF017130,assets/images/products/shopify/25aedd3957fe3eaa8d6b.jpg,
fapomoto,produkty/p0165-pf022730-32-level-damping-coilover-for-honda-civic-2016-2025-honda-insight-2019-2022-honda-integra-2022-p.html,32-Level Damping Coilover for Honda Civic 2016-2025 / Honda Insight 2019-2022/Honda Integra 2022+ PF022730,assets/images/products/shopify/2b34824ffe5a62ddc496.jpg,
fapomoto,produkty/p0166-pf066330-32-level-damping-coilover-for-benz-e-class-w124-1986-1998-mercedes-benz-190e-1984-1993-pf066330.html,32-Level Damping Coilover for Benz E-Class W124 1986-1998 & Mercedes-Benz 190E 1984-1993 PF066330,assets/images/products/shopify/1534d23b397ae5095b41.jpg,
fapomoto,produkty/p0167-gt86-coilover-for-toyota-86-gt86-ft86-2012-2025-subaru-brz-2012-2025-ps000410.html,Coilover for Toyota 86/GT86/FT86 2012-2025 / Subaru BRZ 2012-2025 PS000410,assets/images/products/shopify/3b6ed8a70481e36d6134.jpg,
fapomoto,produkty/p0168-ps000810-coilover-for-subaru-impreza-gh-ge-gr-gv-gj-gp-2008-2016-ps000810.html,Coilover for Subaru Impreza GH/GE/GR/GV/GJ/GP 2008-2016 PS000810,assets/images/products/shopify/6158b66ba982123b043f.jpg,
fapomoto,produkty/p0169-ps003510-coilover-for-mitsubishi-lancer-2007-2017-mitsubishi-mirage-1997-2001-ps003510.html,Coilover for Mitsubishi Lancer 2007-2017 /Mitsubishi Mirage 1997-2001 PS003510,assets/images/products/shopify/b2559a6fd1f5bfb5d26b.jpg,
fapomoto,produkty/p0170-ps006510-coilover-for-bmw-3-series-f30-f31-f34-2011-2019-bmw-2-series-f22-f23-2014-2021-bmw-4-series-f32-.html,Coilover for BMW 3 Series F30/F31/F34 2011-2019 / BMW 2 Series F22/F23 2014-2021/BMW 4 Series F32/F33/F36 2013-2020 PS006510,assets/images/products/shopify/e6a20e9531609cd50a6f.jpg,
fapomoto,produkty/p0171-ps006910-coilover-for-bmw-1-series-1st-gen-e81-e82-e87-e88-2004-2014-ps006910.html,Coilover for BMW 1 Series 1st Gen E81/E82/E87/E88 2004-2014 PS006910,assets/images/products/shopify/ae9c42d6807861361f97.jpg,
fapomoto,produkty/p0172-ps007910-coilover-for-mazda-3-1st-gen-bk-2003-2013-volvo-s40-2nd-gen-2004-2012-ford-focus-2005-2014-ps007.html,Coilover for Mazda 3 1st Gen BK 2003-2013 & Volvo S40 2nd Gen 2004-2012 & Ford Focus 2005-2014 PS007910,assets/images/products/shopify/d5fc469e13e492d3c452.jpg,
fapomoto,produkty/p0173-ps004810-coilover-for-volkswagen-golf-mk7-a7-mqb-2012-2020-vw-jetta-vs5-2019-ps004810.html,Coilover for Volkswagen Golf MK7/A7/MQB 2012-2020 & VW Jetta VS5 2019+ PS004810,assets/images/products/shopify/5898d597834b9a4326f3.jpg,
fapomoto,produkty/p0174-ps009510-coilover-for-chevrolet-camaro-5th-gen-2010-2015-ps009510.html,Coilover for Chevrolet Camaro 5th Gen 2010-2015 PS009510,assets/images/products/shopify/42af585cfd8c624ed8b8.jpg,
fapomoto,produkty/p0175-ps009710-coilover-for-chevrolet-cobalt-2005-2009-ps009710.html,Coilover for Chevrolet Cobalt 2005-2009 PS009710,assets/images/products/shopify/5a19410b38a651288c41.jpg,
fapomoto,produkty/p0176-ps017310-coilover-for-ford-mustang-5th-gen-s197-2005-2014-ps017310.html,Coilover for Ford Mustang 5th Gen S197 2005-2014 PS017310,assets/images/products/shopify/c5235923556846ad805d.jpg,
fapomoto,produkty/p0177-ps017410-coilover-for-ford-mustang-4th-gen-sn-95-1994-2004-ps017410.html,Coilover for Ford Mustang 4th Gen SN-95 1994-2004 PS017410,assets/images/products/shopify/82ec0ee4803c39ebc1c4.jpg,
fapomoto,produkty/p0178-ps017510-coilover-for-mazda-6-gg1-2002-2008-ford-fusion-1st-gen-2006-2012-ps017510.html,Coilover for Mazda 6 GG1 2002-2008 & Ford Fusion 1st Gen 2006-2012 PS017510,assets/images/products/shopify/fb53d617403a00578b64.jpg,
fapomoto,produkty/p0179-ps019910-coilover-for-buick-regal-2018-buick-lacrosse-3rd-gen-2017-2022-ps019910.html,Coilover for Buick Regal 2018+ & Buick Lacrosse 3rd Gen 2017-2022 PS019910,assets/images/products/shopify/4bfe87b414e6eab6586f.jpg,
fapomoto,produkty/p0180-ps022740-coilover-for-honda-civic-10th-11th-gen-2016-2025-insight-2019-2022-ps022740.html,Coilover for Honda Civic 10th/11th Gen 2016-2025  Insight 2019-2022 PS022740,assets/images/products/shopify/39343cf666b31f83a8fa.jpg,
fapomoto,produkty/p0181-ps027410-coilover-for-ford-mustang-6th-gen-2-3t-5-0t-s550-2015-2023-ps027410.html,Coilover for Ford Mustang 6th Gen 2.3T/5.0T S550 2015-2023 PS027410,assets/images/products/shopify/357003d177e494030340.jpg,
fapomoto,produkty/p0182-ps027810-coilover-for-mazda-3-2nd-gen-bl-2008-2013-speed3-2nd-gen-bl-2010-2013-ps027810.html,Coilover for Mazda 3 2nd Gen BL 2008-2013 & speed3 2nd Gen BL 2010-2013 PS027810,assets/images/products/shopify/2485997b5d9561fdce01.jpg,
fapomoto,produkty/p0183-ps039910-coilover-for-tesla-model-3-2wd-2017-ps039910.html,Coilover for Tesla Model 3 2WD 2017+ PS039910,assets/images/products/shopify/22a814af22d5363638cf.jpg,
fapomoto,produkty/p0184-ps042510-coilover-for-honda-accord-cv1-cv2-cv3-2018-2022-inspire-7th-gen-cy-2023-ps042510.html,Coilover for Honda Accord CV1/CV2/CV3 2018-2022 & Inspire 7th Gen CY 2023+ PS042510,assets/images/products/shopify/8c928a47d7665d1f56da.jpg,
fapomoto,produkty/p0185-pf014330-32-way-adjustable-damping-coilover-for-audi-a4-4th-gen-fwd-b8-8k-2008-2016-audi-s4-b8-8k-2009-20.html,32-Way Adjustable Damping Coilover for Audi A4 4th Gen FWD B8/8K 2008-2016 & Audi S4 B8/8K 2009-2016 PF014330,assets/images/products/shopify/f1f562811aa8cb8de1d0.jpg,
fapomoto,produkty/p0186-pf019130-32-level-damping-coilover-for-ford-focus-st-p3-2013-2018-pf019130.html,32-Level Damping Coilover for Ford Focus ST P3 2013-2018 PF019130,assets/images/products/shopify/fe1b819fa9ada30e842c.jpg,
fapomoto,produkty/p0187-pf008030-32-level-damping-coilover-for-pontiac-g8-2008-2009-sedan-holden-caprice-3rd-gen-vm-2006-2013-pf0.html,32-Level Damping Coilover for Pontiac G8 2008-2009 sedan & Holden Caprice 3rd Gen VM 2006-2013 PF008030,assets/images/products/shopify/1e3c3342469f96c8eaeb.jpg,
fapomoto,produkty/p0188-pf014330-32-way-adjustable-damping-coilover-for-audi-a4-4th-gen-fwd-b8-8k-2008-2016-audi-a5-sportback-awd.html,32-Way Adjustable Damping Coilover for Audi A4 4th Gen FWD B8/8K 2008-2016 & Audi A5/Sportback AWD B8 2007+ PF014330,assets/images/products/shopify/5969f8fdcac728e4746a.jpg,
fapomoto,produkty/p0189-is200-32-way-adjustable-damping-coilover-for-lexus-is200-is300-1st-gen-gxe10-jce10-sxe10-1999-2005-pf0.html,32-Way Adjustable Damping Coilover for Lexus IS200/IS300 1st Gen GXE10/JCE10/SXE10 1999-2005 PF015430,assets/images/products/shopify/07e543f2181fd7aa237a.jpg,
fapomoto,produkty/p0190-pf026130-32-way-adjustable-damping-coilover-for-bmw-3-series-4th-gen-rear-integrated-e46-non-m-1997-2006-.html,32-Way Adjustable Damping Coilover for BMW 3 Series 4th Gen (Rear Integrated) E46 (non-M) 1997-2006 PF026130,assets/images/products/shopify/5b4a0fe89dac66c9458f.jpg,
fapomoto,produkty/p0191-pf027230-32-way-adjustable-damping-coilovers-for-volvo-v60-1st-gen-de-11-18-volvo-v60-1st-gen-de-2011-201.html,32-Way Adjustable Damping Coilovers for Volvo V60 1st Gen DE 11-18 & Volvo V60 1st Gen DE 2011-2018 PF027230,assets/images/products/shopify/73c086f579b684683384.jpg,
fapomoto,produkty/p0192-pf027430-32-way-adjustable-damping-coilover-for-ford-mustang-6th-gen-2-3t-5-0l-without-electronic-damping.html,32-Way Adjustable Damping Coilover for Ford Mustang 6th Gen 2.3T/5.0L (without electronic damping) S550 2015-2023 PF027430,assets/images/products/shopify/4033a1caca7fc14b30e7.jpg,
fapomoto,produkty/p0193-pf056330-32-way-adjustable-damping-coilover-for-mercedes-benz-c-class-4th-gen-2wd-w205-s205-c205-a205-201.html,32-Way Adjustable Damping Coilover for Mercedes-Benz C-Class 4th Gen 2WD W205/S205/C205/A205 2014-2021 PF056330,assets/images/products/shopify/e37f817676a90b01b319.jpg,
fapomoto,produkty/p0194-pf056430-32-way-adjustable-damping-coilover-for-mercedes-benz-c-class-3rd-gen-rwd-w204-s204-2007-2014-pf0.html,32-Way Adjustable Damping Coilover for Mercedes-Benz C-Class 3rd Gen RWD W204/S204 2007-2014 PF056430,assets/images/products/shopify/4682e1d5aa518b65df19.jpg,
fapomoto,produkty/p0195-pf056630-32-level-damping-coilover-for-mercedes-benz-c-class-2nd-gen-rwd-w203-2000-2007-pf056630.html,32-Level Damping Coilover for Mercedes-Benz C-Class 2nd Gen RWD W203 2000-2007 PF056630,assets/images/products/shopify/1eebaa48ba748a15d90b.jpg,
fapomoto,produkty/p0196-pf102530-32-level-damping-coilover-for-honda-civic-non-si-9th-gen-fg-fb-2012-2015-acura-ilx-de1-2013-2015.html,32-Level Damping Coilover for Honda Civic non-SI 9th Gen FG/FB 2012-2015 & Acura ILX DE1 2013-2015 PF102530,assets/images/products/shopify/9d7b407fd3aee227519b.jpg,
fapomoto,produkty/p0197-pf004730-32-level-damping-coilover-for-volkswagen-passat-fwd-b5g-b5-5-1996-2005-skoda-superb-1st-gen-b5-2.html,32-Level Damping Coilover for Volkswagen Passat FWD B5G/B5.5 1996-2005 & Skoda Superb 1st Gen B5 2001-2008 PF004730,assets/images/products/shopify/82f96d4788f7287d5dcd.jpg,
fapomoto,produkty/p0198-pf017130-32-level-damping-coilover-for-ford-fairmont-81-83-ford-mustang-3rd-gen-1979-1993-pf017130.html,32-Level Damping Coilover for Ford Fairmont 81-83 & Ford Mustang 3rd Gen 1979-1993 PF017130,assets/images/products/shopify/3ccfafb6e0d1bdbc2fa2.jpg,
fapomoto,produkty/p0199-gt86-32-level-damping-coilover-for-toyota-86-gt86-ft86-1st-gen-zn6-zc6-2012-2020-pf000430.html,32-Level Damping Coilover for Toyota 86/GT86/FT86 1st Gen ZN6/ZC6 2012-2020 PF000430,assets/images/products/shopify/07e543f2181fd7aa237a.jpg,
fapomoto,produkty/p0200-pf012630-32-level-damping-coilover-for-acura-tlx-1st-gen-ub1-ub2-ub3-ub4-2015-2020-pf012630.html,32-Level Damping Coilover for Acura TLX 1st Gen UB1/UB2/UB3/UB4 2015-2020 PF012630,assets/images/products/shopify/16a03b12439cb1b81e63.jpg,
fapomoto,produkty/p0201-ls400-32-level-damping-coilover-for-lexus-ls400-1st-gen-xf10-ucf10-1989-1994-pf015230.html,32-Level Damping Coilover for Lexus LS400 1st Gen XF10/UCF10 1989-1994 PF015230,assets/images/products/shopify/07e543f2181fd7aa237a.jpg,
fapomoto,produkty/p0202-pf024830-32-level-damping-coilover-volkswagen-r32-mk5-a5-2008-vw-rabbit-mk5-2006-2009-pf024830.html,32-Level Damping Coilover Volkswagen R32 MK5/A5 2008 & VW Rabbit MK5 2006-2009 PF024830,assets/images/products/shopify/aba3c2a1c6ee0296bb60.jpg,
fapomoto,produkty/p0203-pf069230-32-level-damping-coilover-for-chrysler-300c-lx-2wd-2005-2010-pf069230.html,32-Level Damping Coilover for Chrysler 300C Lx 2WD 2005-2010 PF069230,assets/images/products/shopify/22db942db62c9f8932c1.jpg,
fapomoto,produkty/p0204-pf091830-32-level-damping-coilover-for-porsche-boxster-3rd-gen-981-2012-2016-pf091830.html,32-Level Damping Coilover for Porsche Boxster 3rd Gen 981 2012-2016 PF091830,assets/images/products/shopify/2fd355b8eb84a918a696.jpg,
fapomoto,produkty/p0205-pz283010-front-stabilizer-sway-bar-end-links-for-chevrolet-camaro-10-15-honda-civic-16-21.html,Front Stabilizer Sway Bar End Links For Chevrolet Camaro 10-15 Honda Civic 16-21,assets/images/products/shopify/c495ad36b8ed5d11cee3.jpg,
fapomoto,produkty/p0206-pz282510-front-stabilizer-sway-bar-end-links-for-honda-civic-12-15-mini-cooper-r56-06-13.html,Front Stabilizer Sway Bar End Links For Honda civic 12-15 Mini Cooper R56 06-13,,
fapomoto,produkty/p0207-pz292510-front-stabilizer-sway-bar-end-links-for-hyundai-veloster-12-17.html,Front Stabilizer Sway Bar End Links For Hyundai Veloster 12-17,assets/images/products/shopify/60c82d90f89dc26b61fd.jpg,
fapomoto,produkty/p0208-pz292710-front-stabilizer-sway-bar-end-links-for-honda-crv-cr-v-re-07-11.html,Front Stabilizer Sway Bar End Links For Honda CRV CR-V RE 07-11,assets/images/products/shopify/cc525cb6b83d8a046bef.jpg,
fapomoto,produkty/p0209-pz293010-front-stabilizer-sway-bar-end-links-for-volkswagen-jetta-mk5-mk6-fwd-06-17.html,Front Stabilizer Sway Bar End Links For Volkswagen Jetta MK5 MK6 FWD 06-17,,
fapomoto,produkty/p0210-pa165130-pa265330-fapo-p3-off-road-8-stage-full-set-0-2-in-lift-struts-for-toyota-hilux-2006-2025.html,FAPO P3 Off Road 8-Stage Full Set 0-2 in Lift Struts For Toyota Hilux 2006-2025,assets/images/products/shopify/be3ebde597b30e3a5f8c.jpg,
fapomoto,produkty/p0211-pa165110-pa265310-fapo-p1-off-road-full-set-0-2-lift-struts-for-toyota-hilux-2006-2025.html,"FAPO P1 Off-Road Full Set 0-2"" Lift Struts For Toyota Hilux 2006-2025",assets/images/products/shopify/288fbfe63c5dd0875e9d.jpg,
fapomoto,produkty/p0212-ps086510-coilover-for-bmw-f20-f21-2wd-awd-5-bolts-f22-f23-2014-2021-ps086510.html,Coilover for BMW F20/F21/2WD/AWD (5 bolts) F22/F23 2014-2021 PS086510,assets/images/products/shopify/8f443a6f3e49a3df3e7a.jpg,
fapomoto,produkty/p0213-pf001220-32-level-damping-coilover-for-nissan-cefiro-a31-1988-1994-s13-silvia-240sx-1989-1994-pf001220.html,32-Level Damping Coilover for Nissan Cefiro A31 1988-1994 / S13 Silvia 240SX 1989-1994 PF001220,assets/images/products/shopify/f677da462d8f19486ed4.jpg,
fapomoto,produkty/p0214-pf001320-32-level-damping-coilover-for-nissan-s14-silvia-240sx-1995-1998-s15-1998-2002-pf001320.html,32-Level Damping Coilover for Nissan S14 Silvia 240SX 1995-1998 / S15 1998-2002 PF001320,assets/images/products/shopify/df394e7db97f31305ef5.jpg,
fapomoto,produkty/p0215-pf003120-32-level-damping-coilover-for-mitsubishi-eclipse-2g-1995-1999-galant-1994-2003-chrysler-sebring-.html,32-Level Damping Coilover for Mitsubishi Eclipse 2G 1995-1999 / Galant 1994-2003 / Chrysler Sebring 1995-2000 PF003120,assets/images/products/shopify/71884b89849622ec4398.jpg,
fapomoto,produkty/p0216-pf004130-32-level-damping-coilover-for-vw-mk5-mk6-a5-a6-2003-2019-golf-jetta-eos-beetle-scirocco-skoda-oc.html,32-Level Damping Coilover for VW MK5/MK6 A5/A6 2003-2019 Golf/ Jetta / Eos / Beetle / Scirocco / Skoda Octavia / Seat Leon PF004130,assets/images/products/shopify/a6f2a48848f7ab70768e.jpg,
fapomoto,produkty/p0217-pf004320-32-level-damping-coilover-for-volkswagen-polo-mk5-mk6-2009-2017-jetta-va3-2019-audi-a1-8x-gb-201.html,32-Level Damping Coilover for Volkswagen Polo MK5/MK6 2009-2017+ / Jetta VA3 2019+ / Audi A1 8X & GB 2010-2018+ PF004320,assets/images/products/shopify/f073f047cbe917771ada.jpg,
fapomoto,produkty/p0218-pf006630-32-level-damping-coilover-for-bmw-5-series-e60-e61-2003-2010-m5-e60-2003-2010-pf006630.html,32-Level Damping Coilover for BMW 5 Series E60/E61 2003-2010 / M5 E60 2003-2010 PF006630,assets/images/products/shopify/ac3dbab5f94966cbc2d3.jpg,
fapomoto,produkty/p0219-pf007520-32-level-damping-coilover-for-mazda-2-de-2007-2014-ford-fiesta-b299-2008-2019-pf007520.html,32-Level Damping Coilover for Mazda 2 DE 2007-2014 / Ford Fiesta B299 2008-2019 PF007520,assets/images/products/shopify/1bdc6b03757fdba6ec30.jpg,
fapomoto,produkty/p0220-pf010420-32-level-damping-coilover-for-subaru-outback-2nd-gen-2000-2004-1998-2004-subaru-legacy-3rd-gen-b.html,32-Level Damping Coilover for Subaru Outback 2nd Gen 2000-2004 /1998-2004 Subaru Legacy 3rd Gen BE/BH/ Baja BT 2003-2006 PF010420,assets/images/products/shopify/e01b7a6e2dd81076111c.jpg,
fapomoto,produkty/p0221-pf011320-32-level-damping-coilover-for-nissan-2000-2006-n16-almera-pulsar-sylphy-sentra-sunny-pf011320.html,32-Level Damping Coilover for Nissan 2000-2006 N16 Almera Pulsar Sylphy Sentra Sunny PF011320,assets/images/products/shopify/5fc6c2a44c93e740fd59.jpg,
fapomoto,produkty/p0222-pf013820-32-level-damping-coilover-for-2000-2005-mitsubishi-eclipse-3g-galant-8th-chrysler-sebring-dodge-.html,32-Level Damping Coilover for 2000-2005 Mitsubishi Eclipse 3G / Galant 8th / Chrysler Sebring / Dodge Stratus PF013820,assets/images/products/shopify/ada63501109ea5fe26f0.jpg,
fapomoto,produkty/p0223-pf016620-32-level-damping-coilover-for-2006-2015-mini-cooper-r55-r56-r57-hatch-convertible-pf016620.html,32-Level Damping Coilover for 2006-2015 Mini Cooper R55/R56/R57 Hatch & Convertible PF016620,assets/images/products/shopify/49151c9a06b9bd6aa2a7.jpg,
fapomoto,produkty/p0224-pf017420-32-level-damping-coilover-for-1994-2004-ford-mustang-4th-gen-sn-95-pf017420.html,32-Level Damping Coilover for 1994-2004 Ford Mustang 4th Gen SN-95 PF017420,assets/images/products/shopify/889ffde1620d9f6af411.jpg,
fapomoto,produkty/p0225-pf017520-32-level-damping-coilover-for-2002-2017-mazda-6-ford-fusion-platform-milan-mkz-pf017520.html,32-Level Damping Coilover for 2002-2017 Mazda 6 / Ford Fusion Platform Milan MKZ PF017520,assets/images/products/shopify/a070be282935b6c0d00b.jpg,
fapomoto,produkty/p0226-pf025420-32-level-damping-coilover-for-2003-2017-toyota-corolla-e120-e130-matrix-pontiac-vibe-corolla-ex-.html,32-Level Damping Coilover for 2003-2017 Toyota Corolla E120/E130 / Matrix / Pontiac Vibe / Corolla EX PF025420,assets/images/products/shopify/d7aaf50a791aa3155141.jpg,
fapomoto,produkty/p0227-pf025720-32-level-damping-coilover-for-2006-2019-toyota-corolla-e140-e150-e160-matrix-pontiac-vibe-pf0257.html,32-Level Damping Coilover for 2006-2019 Toyota Corolla E140/E150/E160 / Matrix / Pontiac Vibe PF025720,assets/images/products/shopify/6c9567f2e75b65c2edb9.jpg,
fapomoto,produkty/p0228-pf026930-32-level-damping-coilover-for-1988-1996-bmw-5-series-3rd-gen-e34-pf026930.html,32-Level Damping Coilover for 1988-1996 BMW 5 Series 3rd Gen E34 PF026930,assets/images/products/shopify/78daee024b2bcefcef78.jpg,
fapomoto,produkty/p0229-pf029020-32-level-damping-coilover-for-2011-2018-hyundai-veloster-1st-gen-fs-pf029020.html,32-Level Damping Coilover for 2011-2018 Hyundai Veloster 1st Gen FS PF029020,assets/images/products/shopify/a3732354b1a7d8d4d64f.jpg,
fapomoto,produkty/p0230-pf030220-32-level-damping-coilover-for-2016-2023-subaru-gk-gt-pf030220.html,32-Level Damping Coilover for 2016-2023 Subaru GK/GT PF030220,assets/images/products/shopify/885c5583740b12e70d69.jpg,
fapomoto,produkty/p0231-es300-32-level-damping-coilover-for-1992-2004-toyota-camry-avalon-solara-lexus-es300-pf035520.html,32-Level Damping Coilover for 1992-2004 Toyota Camry Avalon Solara / Lexus ES300 PF035520,assets/images/products/shopify/f78fd5e3c7086256fe8d.jpg,
fapomoto,produkty/p0232-pf065620-32-level-damping-coilover-for-2008-2018-toyota-corolla-im-prius-v-zelas-scion-im-tc-xb-pf065620.html,32-Level Damping Coilover for 2008-2018 Toyota Corolla IM / Prius V / Zelas / Scion IM tC xB PF065620,assets/images/products/shopify/497172e914f017eb67d3.jpg,
fapomoto,produkty/p0233-pf091920-32-level-damping-coilover-for-2002-2015-volkswagen-touareg-7l-audi-q7-4l-porsche-cayenne-9pa-pf0.html,32-Level Damping Coilover for 2002-2015 Volkswagen Touareg 7L / Audi Q7 4L / Porsche Cayenne 9PA PF091920,assets/images/products/shopify/e143bb5caeea005d76f0.jpg,
fapomoto,produkty/p0234-pf017330-32-level-damping-coilover-for-2005-2014-ford-mustang-5th-gen-s197-pf017330.html,32-Level Damping Coilover for 2005-2014 Ford Mustang 5th Gen S197 PF017330,assets/images/products/shopify/0e913e5229352ba1b7c6.jpg,
fapomoto,produkty/p0235-pf026030-32-level-damping-coilover-for-1990-2000-bmw-3-series-3rd-gen-e36-non-m-pf026030.html,32-Level Damping Coilover for 1990-2000 BMW 3 Series 3rd Gen E36 (Non-M) PF026030,assets/images/products/shopify/f04e844bed71c301e4df.jpg,
fapomoto,produkty/p0236-pf026830-32-level-damping-coilover-for-1976-1989-bmw-5-series-e28-6-series-e24-pf026830.html,32-Level Damping Coilover for 1976-1989 BMW 5 Series E28 / 6 Series E24 PF026830,assets/images/products/shopify/dcdc76d84361163739a6.jpg,
fapomoto,produkty/p0237-pf021230-32-level-damping-coilover-for-1995-1999-nissan-maxima-infiniti-i30-a32-platform-pf021230.html,32-Level Damping Coilover for 1995-1999 Nissan Maxima & Infiniti I30 A32 Platform PF021230,assets/images/products/shopify/281e32bb7791c2c73290.jpg,
fapomoto,produkty/p0238-pf058430-32-level-damping-coilover-for-2007-2019-cadillac-cts-2nd-gen-3-0l-3-6l-pf058430.html,32-Level Damping Coilover for 2007-2019 Cadillac CTS 2nd Gen 3.0L & 3.6L PF058430,assets/images/products/shopify/6e60296704fd7c49e030.jpg,
fapomoto,produkty/p0239-pf017730-32-level-damping-coilover-for-2012-2022-mazda-6-gl-cx-5-cx-3-pf017730.html,32-Level Damping Coilover for 2012-2022 Mazda 6 GL / CX-5 / CX-3 PF017730,assets/images/products/shopify/bea390ae35c580dfa7a9.jpg,
fapomoto,produkty/p0240-pf069930-32-level-damping-coilover-for-2005-2023-chrysler-300c-dodge-awd-lx-ld-platform-pf069930.html,32-Level Damping Coilover for 2005-2023 Chrysler 300C / Dodge AWD LX/LD Platform PF069930,assets/images/products/shopify/3e6573b2aa10ccc07085.jpg,
fapomoto,produkty/p0241-jzx110-32-level-damping-coilover-for-1998-2007-toyota-altezza-mark-ii-verossa-jzx110-pf005230.html,32-Level Damping Coilover for 1998-2007 Toyota Altezza / Mark II / Verossa JZX110 PF005230,assets/images/products/shopify/161fea59435957361ff2.jpg,
fapomoto,produkty/p0242-pf016930-32-level-damping-coilover-for-2014-2024-mini-cooper-3rd-gen-f55-f56-f57-hatch-convertible-pf0169.html,32-Level Damping Coilover for 2014-2024 Mini Cooper 3rd Gen F55/F56/F57 Hatch & Convertible PF016930,assets/images/products/shopify/f45020a0a1cc0c79c87a.jpg,
fapomoto,produkty/p0243-pf008430-32-level-damping-coilover-for-2007-2021-nissan-370z-infiniti-g35-g37-q60-v36-platform-pf008430.html,32-Level Damping Coilover for 2007-2021 Nissan 370Z / Infiniti G35 G37 Q60 V36 Platform PF008430,assets/images/products/shopify/6e49e578693f102c9e3a.jpg,
fapomoto,produkty/p0244-pa067710-fapo-p1-rear-2-4-5-in-lift-shocks-for-ford-f-250-f-350-1999-2016-pa067710.html,FAPO P1 Rear 2-4.5 in Lift Shocks for Ford F-250 F-350 1999-2016 PA067710,assets/images/products/shopify/ea4b027d6f26b5fb3249.jpg,
fapomoto,produkty/p0245-pa067810-fapo-p1-front-2-4-5-in-lift-shocks-for-ford-f-250-f-350-2005-2022-pa067810.html,FAPO P1 Front 2-4.5 in Lift Shocks for Ford F-250 F-350 2005-2022 PA067810,assets/images/products/shopify/25b0f9d1d45a9835b7a5.jpg,
fapomoto,produkty/p0246-pa094311-fapo-p1-rear-3-5-6-in-lift-shocks-for-dodge-ram-1500-2500-3500-2002-2016-pa094311.html,FAPO P1 Rear 3.5-6 in Lift Shocks for Dodge RAM 1500 2500 3500 2002-2016 PA094311,assets/images/products/shopify/9e4b8e7be1afcb98081c.jpg,
fapomoto,produkty/p0247-pa094610-fapo-p1-rear-4-7-5-in-lift-shocks-for-ford-f-150-raptor-2009-2021-pa094610.html,FAPO P1 Rear 4-7.5 in Lift Shocks for Ford F-150 Raptor 2009-2021 PA094610,assets/images/products/shopify/d57311df7ee6f0140758.jpg,
fapomoto,produkty/p0248-pa096217-fapo-p1-front-0-4-in-lift-shocks-for-2001-2010-chevrolet-silverado-2500hd-3500hd-gmc-sierra-2500.html,FAPO P1 Front 0-4 in Lift Shocks for 2001-2010 Chevrolet Silverado 2500HD 3500HD GMC Sierra 2500HD 3500HD PA096217,assets/images/products/shopify/3cf91fa537a34a86f65b.jpg,
fapomoto,produkty/p0249-pa097013-fapo-p1-rear-0-5-5-in-lift-shocks-for-toyota-tacoma-1995-2004-pa097013.html,FAPO P1 Rear 0-5.5 in Lift Shocks for Toyota Tacoma 1995-2004 PA097013,assets/images/products/shopify/140493170655d0419e05.jpg,
fapomoto,produkty/p0250-pa164210-fapo-p1-front-0-2-in-lift-struts-for-toyota-tacoma-2005-2021-pa164210.html,FAPO P1 Front 0-2 in Lift Struts for Toyota Tacoma 2005-2021 PA164210,assets/images/products/shopify/89b9dd1c503a6333091f.jpg,
fapomoto,produkty/p0251-pa164310-fapo-p1-front-3-3-5-in-lift-struts-for-toyota-tacoma-2005-2021-pa164310.html,FAPO P1 Front 3-3.5 in Lift Struts for Toyota Tacoma 2005-2021 PA164310,assets/images/products/shopify/2d282929ef775bfd6fce.jpg,
fapomoto,produkty/p0252-pa165110-fapo-p1-front-0-2-in-lift-struts-for-2003-2021-toyota-land-cruiser-prado-4runner-fj-cruiser-hilu.html,FAPO P1 Front 0-2 in Lift Struts for 2003-2021 Toyota Land Cruiser Prado 4Runner FJ Cruiser Hilux Fortuner PA165110,assets/images/products/shopify/957d412ed83682b87908.jpg,
fapomoto,produkty/p0253-pa165610-fapo-p1-front-0-2-in-lift-struts-for-toyota-tundra-2007-2021-pa165610.html,FAPO P1 Front 0-2 in Lift Struts for Toyota Tundra 2007-2021 PA165610,assets/images/products/shopify/41469afa4a9eec696677.jpg,
fapomoto,produkty/p0254-pa165611-fapo-p1-front-3-3-5-in-lift-struts-for-toyota-tundra-2007-2021-pa165611.html,FAPO P1 Front 3-3.5 in Lift Struts for Toyota Tundra 2007-2021 PA165611,assets/images/products/shopify/d3d1a8910ceb29ddb3a8.jpg,
fapomoto,produkty/p0255-pa190212-fapo-p1-front-0-3-in-lift-struts-for-chevrolet-silverado-1500-2007-2018-pa190212.html,FAPO P1 Front 0-3 in Lift Struts for Chevrolet Silverado 1500 2007-2018 PA190212,assets/images/products/shopify/3853ed7571399d3e16b7.jpg,
fapomoto,produkty/p0256-pa190610-fapo-p1-front-4-6-in-lift-shocks-for-dodge-ram-1500-2500-3500-2006-2013-pa190610.html,FAPO P1 Front 4-6 in Lift Shocks for Dodge RAM 1500 2500 3500 2006-2013 PA190610,assets/images/products/shopify/f7b0c270e076796a511e.jpg,
fapomoto,produkty/p0257-pa191617-fapo-p1-front-3-4-5-in-lift-shocks-for-jeep-wrangler-tj-1997-2006-pa191617.html,FAPO P1 Front 3-4.5 in Lift Shocks for Jeep Wrangler TJ 1997-2006 PA191617,assets/images/products/shopify/d959a31b6bb18e026117.jpg,
fapomoto,produkty/p0258-pa192110-fapo-front-0-2-in-lift-struts-for-2005-2021-nissan-frontier-pathfinder-terra-navara-pa192110.html,FAPO Front 0-2 in Lift Struts for 2005-2021 Nissan Frontier Pathfinder Terra Navara PA192110,assets/images/products/shopify/c76577746fadee0c12de.jpg,
fapomoto,produkty/p0259-pa192111-fapo-front-2-5-3-5-in-lift-struts-for-nissan-frontier-2005-2022-pa192111.html,FAPO Front 2.5-3.5 in Lift Struts for Nissan Frontier 2005-2022 PA192111,assets/images/products/shopify/ded4f283909c9c9760a5.jpg,
fapomoto,produkty/p0260-pa264210-fapo-rear-0-2-in-lift-shocks-for-toyota-tacoma-2005-2021-pa264210.html,FAPO Rear 0-2 in Lift Shocks for Toyota Tacoma 2005-2021 PA264210,assets/images/products/shopify/d809ef4404e6d1d1e47e.jpg,
fapomoto,produkty/p0261-pa264211-fapo-rear-2-4-in-lift-shocks-for-toyota-tacoma-2005-2021-pa264211.html,FAPO Rear 2-4 in Lift Shocks for Toyota Tacoma 2005-2021 PA264211,assets/images/products/shopify/dd612470fb331ff31119.jpg,
fapomoto,produkty/p0262-pa265110-fapo-rear-0-2-in-lift-shocks-for-2003-2021-toyota-land-cruiser-prado-4runner-fj-cruiser-hilux-fo.html,FAPO Rear 0-2 in Lift Shocks for 2003-2021 Toyota Land Cruiser Prado 4Runner FJ Cruiser Hilux Fortuner PA265110,assets/images/products/shopify/f4c073f932da563b872d.jpg,
fapomoto,produkty/p0263-pa265610-fapo-rear-0-2-in-lift-shocks-for-2007-2021-toyota-tundra-pa265610.html,FAPO Rear 0-2 in Lift Shocks for 2007-2021 Toyota Tundra PA265610,assets/images/products/shopify/bef5ae67c9508beaf148.jpg,
fapomoto,produkty/p0264-pa265611-fapo-rear-0-3-5-in-lift-shocks-for-2007-2021-toyota-tundra-pa265611.html,FAPO Rear 0-3.5 in Lift Shocks for 2007-2021 Toyota Tundra PA265611,assets/images/products/shopify/5e73e199ed240c8ef5e3.jpg,
fapomoto,produkty/p0265-pa291610-fapo-front-6-5-8-in-lift-shocks-for-1984-2006-jeep-wrangler-grand-cherokee-cherokee-pa291610.html,FAPO Front 6.5-8 in Lift Shocks for 1984-2006 Jeep Wrangler Grand Cherokee Cherokee PA291610,assets/images/products/shopify/d01b3c0c93f0fa8de841.jpg,
fapomoto,produkty/p0266-pa291910-fapo-front-4-6-in-lift-shocks-for-2007-2018-jeep-wrangler-pa291910.html,FAPO Front 4-6 in Lift Shocks for 2007-2018 Jeep Wrangler PA291910,assets/images/products/shopify/a418a048938325c4bdb8.jpg,
fapomoto,produkty/p0267-pa292110-fapo-rear-0-1-in-lift-shocks-for-2005-2021-nissan-frontier-terra-pa292110.html,FAPO Rear 0-1 in Lift Shocks for 2005-2021 Nissan Frontier Terra PA292110,assets/images/products/shopify/862e22008481d82c1cda.jpg,
fapomoto,produkty/p0268-pa292111-fapo-rear-0-3-5-in-lift-shocks-for-2005-2022-nissan-frontier-pa292111.html,FAPO Rear 0-3.5 in Lift Shocks for 2005-2022 Nissan Frontier PA292111,assets/images/products/shopify/d6a90dab7d34dd41fbc2.jpg,
fapomoto,produkty/p0269-pa292410-fapo-rear-2-3-in-lift-shocks-for-2003-2021-toyota-land-cruiser-prado-4runner-fj-cruiser-pa292410.html,FAPO Rear 2-3 in Lift Shocks for 2003-2021 Toyota Land Cruiser Prado 4Runner FJ CRUISER PA292410,assets/images/products/shopify/e946e36dcb3ff6784ee2.jpg,
fapomoto,produkty/p0270-pa360710-fapo-front-4-6-5-in-lift-shocks-for-1984-2006-jeep-cherokee-wrangler-pa360710.html,FAPO Front 4-6.5 in Lift Shocks for 1984-2006 Jeep Cherokee Wrangler PA360710,assets/images/products/shopify/f72d10f470bc7f78c0a0.jpg,
fapomoto,produkty/p0271-pa364610-fapo-rear-3-5-6-in-lift-shocks-for-1997-2006-jeep-wrangler-pa364610.html,FAPO Rear 3.5-6 in Lift Shocks for 1997-2006 Jeep Wrangler PA364610,assets/images/products/shopify/3dcf7426628c7bcd66f4.jpg,
fapomoto,produkty/p0272-pa390513-fapo-rear-2-3-in-lift-shocks-for-2002-2008-dodge-ram-1500-pa390513.html,FAPO Rear 2-3 in Lift Shocks for 2002-2008 Dodge RAM 1500 PA390513,assets/images/products/shopify/723a34381e85bb53dbfb.jpg,
fapomoto,produkty/p0273-pa467110-fapo-rear-0-3-5-in-lift-shocks-for-2009-2021-ford-f-150-raptor-pa467110.html,FAPO Rear 0-3.5 in Lift Shocks for 2009-2021 Ford F-150 Raptor PA467110,assets/images/products/shopify/12f00d35fe451d4f4231.jpg,
fapomoto,produkty/p0274-pa491910-fapo-rear-4-6-in-lift-shocks-for-2007-2018-jeep-wrangler-pa491910.html,FAPO Rear 4-6 in Lift Shocks for 2007-2018 Jeep Wrangler PA491910,assets/images/products/shopify/c2af1c98f00309b1334c.jpg,
fapomoto,produkty/p0275-pa560610-fapo-front-0-2-5-in-lift-shocks-for-2007-2018-jeep-wrangler-pa560610.html,FAPO Front 0-2.5 in Lift Shocks for 2007-2018 Jeep Wrangler PA560610,assets/images/products/shopify/63aa1f3bae8f43cdb052.jpg,
fapomoto,produkty/p0276-pa590311-fapo-rear-3-5-6-5-in-lift-shocks-for-2002-2006-chevrolet-avalanche-2500-pa590311.html,FAPO Rear 3.5-6.5 in Lift Shocks for 2002-2006 Chevrolet Avalanche 2500 PA590311,assets/images/products/shopify/68326ca8842fbc2ba437.jpg,
fapomoto,produkty/p0277-pa590512-fapo-rear-2-3-5-in-lift-shocks-for-1994-2013-dodge-ram-2500-3500-pa590512.html,FAPO Rear 2-3.5 in Lift Shocks for 1994-2013 Dodge RAM 2500 3500 PA590512,assets/images/products/shopify/a863dfbdf50e3f0bda3f.jpg,
fapomoto,produkty/p0278-pa591611-fapo-rear-6-5-8-in-lift-shocks-for-1997-2006-jeep-wrangler-pa591611.html,FAPO Rear 6.5-8 in Lift Shocks for 1997-2006 Jeep Wrangler PA591611,assets/images/products/shopify/cc59700e9601e415fec2.jpg,
fapomoto,produkty/p0279-pa096230-8-stage-front-0-4-in-lift-shocks-for-2001-2010-chevrolet-silverado-2500hd-3500hd-gmc-sierra-2500.html,8-Stage Front 0-4 in Lift Shocks for 2001-2010 Chevrolet Silverado 2500HD 3500HD GMC Sierra 2500HD 3500HD PA096230,assets/images/products/shopify/ef6cfc081a6fd4be89b2.jpg,
fapomoto,produkty/p0280-pa097030-8-stage-rear-0-5-5-in-lift-shocks-for-toyota-tacoma-1995-2004-pa097030.html,8-Stage Rear 0-5.5 in Lift Shocks for Toyota Tacoma 1995-2004 PA097030,assets/images/products/shopify/e844bd44d81479e3f94f.jpg,
fapomoto,produkty/p0281-pa160630-8-stage-front-0-2-5-in-lift-shocks-for-2007-2018-jeep-wrangler-pa160630.html,8-Stage Front 0-2.5 in Lift Shocks for 2007-2018 Jeep Wrangler PA160630,assets/images/products/shopify/f86ff145009cc89e2a90.jpg,
fapomoto,produkty/p0282-pa164230-8-stage-front-0-2-in-lift-struts-for-toyota-tacoma-2005-2021-pa164230.html,8-Stage Front 0-2 in Lift Struts for Toyota Tacoma 2005-2021 PA164230,assets/images/products/shopify/f5ab83c2a0c67484c34e.jpg,
fapomoto,produkty/p0283-pa164330-8-stage-front-3-3-5-in-lift-struts-for-toyota-tacoma-2005-2021-pa164330.html,8-Stage Front 3-3.5 in Lift Struts for Toyota Tacoma 2005-2021 PA164330,assets/images/products/shopify/a7e78447ce2e332712b8.jpg,
fapomoto,produkty/p0284-pa165130-8-stage-front-0-2-in-lift-struts-for-2003-2021-toyota-hilux-revo-land-cruiser-prado-4runner-fj-c.html,8-Stage Front 0-2 in Lift Struts for 2003-2021 Toyota Hilux revo Land Cruiser Prado 4Runner FJ Cruiser Hilux Fortuner PA165130,assets/images/products/shopify/698c940482f9b84c8f97.jpg,
fapomoto,produkty/p0285-pa165630-8-stage-front-0-2-in-lift-struts-for-toyota-tundra-2007-2021-pa165630.html,8-Stage Front 0-2 in Lift Struts for Toyota Tundra 2007-2021 PA165630,assets/images/products/shopify/3552805ed4a408971ed6.jpg,
fapomoto,produkty/p0286-pa165631-8-stage-front-3-3-5-in-lift-struts-for-toyota-tundra-2007-2021-pa165631.html,8-Stage Front 3-3.5 in Lift Struts for Toyota Tundra 2007-2021 PA165631,assets/images/products/shopify/2a4558b838752d56ee5f.jpg,
fapomoto,produkty/p0287-pa190232-8-stage-front-0-3-in-lift-struts-for-chevrolet-silverado-1500-2007-2018-pa190232.html,8-Stage Front 0-3 in Lift Struts for Chevrolet Silverado 1500 2007-2018 PA190232,assets/images/products/shopify/d7195a1283ea1574db23.jpg,
fapomoto,produkty/p0288-pa190630-8-stage-front-4-6-in-lift-shocks-for-dodge-ram-1500-2500-3500-2006-2013-pa190630.html,8-Stage Front 4-6 in Lift Shocks for Dodge RAM 1500 2500 3500 2006-2013 PA190630,assets/images/products/shopify/20dce77aad6ca9b2c43f.jpg,
fapomoto,produkty/p0289-pa191639-8-stage-front-3-4-5-in-lift-struts-for-jeep-wrangler-tj-1997-2006-pa191639.html,8-Stage Front 3-4.5 in Lift Struts for Jeep Wrangler TJ 1997-2006 PA191639,assets/images/products/shopify/6f8d1fbb3348a36e41d4.jpg,
fapomoto,produkty/p0290-pa192130-8-stage-front-0-2-in-lift-struts-for-2005-2021-nissan-frontier-pathfinder-terra-navara-pa192130.html,8-Stage Front 0-2 in Lift Struts for 2005-2021 Nissan Frontier Pathfinder Terra Navara PA192130,assets/images/products/shopify/ae39fec24aaae22c7c63.jpg,
fapomoto,produkty/p0291-pa192131-8-stage-front-2-5-3-5-in-lift-struts-for-nissan-frontier-2005-2022-pa192131.html,8-Stage Front 2.5-3.5 in Lift Struts for Nissan Frontier 2005-2022 PA192131,assets/images/products/shopify/98490a580b4283a179b0.jpg,
fapomoto,produkty/p0292-pa193330-8-stage-rear-3-5-6-in-lift-shocks-for-dodge-ram-1500-2500-3500-2002-2016-pa193330.html,8-Stage Rear 3.5-6 in Lift Shocks for Dodge RAM 1500 2500 3500 2002-2016 PA193330,assets/images/products/shopify/a8b6495e5a3e2314e4a0.jpg,
fapomoto,produkty/p0293-pa264230-8-stage-rear-0-2-in-lift-shocks-for-toyota-tacoma-2005-2021-pa264230.html,8-Stage Rear 0-2 in Lift Shocks for Toyota Tacoma 2005-2021 PA264230,assets/images/products/shopify/fe9bcf64777488fc2bda.jpg,
fapomoto,produkty/p0294-pa264231-8-stage-rear-2-4-in-lift-shocks-for-toyota-tacoma-2005-2021-pa264231.html,8-Stage Rear 2-4 in Lift Shocks for Toyota Tacoma 2005-2021 PA264231,assets/images/products/shopify/ece77eaaf9db9c27e54d.jpg,
fapomoto,produkty/p0295-pa265130-8-stage-rear-0-2-in-lift-shocks-for-2003-2021-toyota-land-cruiser-prado-4runner-fj-cruiser-hilux.html,8-Stage Rear 0-2 in Lift Shocks for 2003-2021 Toyota Land Cruiser Prado 4Runner FJ Cruiser Hilux Fortuner PA265130,assets/images/products/shopify/03fd1c33fd1745800cab.jpg,
fapomoto,produkty/p0296-pa265630-8-stage-rear-0-2-in-lift-shocks-for-2007-2021-toyota-tundra-pa265630.html,8-Stage Rear 0-2 in Lift Shocks for 2007-2021 Toyota Tundra PA265630,assets/images/products/shopify/7e94d1f0153fb7ed9190.jpg,
fapomoto,produkty/p0297-pa265631-8-stage-rear-0-3-5-in-lift-shocks-for-2007-2021-toyota-tundra-pa265631.html,8-Stage Rear 0-3.5 in Lift Shocks for 2007-2021 Toyota Tundra PA265631,assets/images/products/shopify/164e8c1519de94f10d08.jpg,
fapomoto,produkty/p0298-pa291930-8-stage-front-4-6-in-lift-shocks-for-2007-2018-jeep-wrangler-pa291930.html,8-Stage Front 4-6 in Lift Shocks for 2007-2018 Jeep Wrangler PA291930,assets/images/products/shopify/8d3c1d9d5f737820f5fc.jpg,
fapomoto,produkty/p0299-pa292130-8-stage-rear-0-1-in-lift-shocks-for-2005-2021-nissan-frontier-terra-pa292130.html,8-Stage Rear 0-1 in Lift Shocks for 2005-2021 Nissan Frontier Terra PA292130,assets/images/products/shopify/d7b74f3a8ba4ddd7cf97.jpg,
fapomoto,produkty/p0300-pa292131-8-stage-rear-0-3-5-in-lift-shocks-for-2005-2022-nissan-frontier-pa292131.html,8-Stage Rear 0-3.5 in Lift Shocks for 2005-2022 Nissan Frontier PA292131,assets/images/products/shopify/491d5b4f1d160d0b7769.jpg,
fapomoto,produkty/p0301-pa292430-8-stage-rear-2-3-in-lift-shocks-for-2003-2021-toyota-land-cruiser-prado-4runner-fj-cruiser-pa292.html,8-Stage Rear 2-3 in Lift Shocks for 2003-2021 Toyota Land Cruiser Prado 4Runner FJ CRUISER PA292430,assets/images/products/shopify/a16b405ec994b05daa01.jpg,
fapomoto,produkty/p0302-pa360730-8-stage-front-4-6-5-in-lift-struts-for-1984-2006-jeep-cherokee-wrangler-pa360730.html,8-Stage Front 4-6.5 in Lift Struts for 1984-2006 Jeep Cherokee Wrangler PA360730,assets/images/products/shopify/714b3181e7110c2b8aa3.jpg,
fapomoto,produkty/p0303-pa390533-8-stage-rear-2-3-in-lift-shocks-for-2002-2008-dodge-ram-1500-pa390533.html,8-Stage Rear 2-3 in Lift Shocks for 2002-2008 Dodge RAM 1500 PA390533,assets/images/products/shopify/6eb4802653e12a40cdbc.jpg,
fapomoto,produkty/p0304-pa391632-8-stage-rear-3-5-6-in-lift-shocks-for-1997-2006-jeep-wrangler-pa391632.html,8-Stage Rear 3.5-6 in Lift Shocks for 1997-2006 Jeep Wrangler PA391632,assets/images/products/shopify/71306db81f688fd0acf5.jpg,
fapomoto,produkty/p0305-pa467130-8-stage-rear-0-3-5-in-lift-shocks-for-2009-2021-ford-f-150-raptor-pa467130.html,8-Stage Rear 0-3.5 in Lift Shocks for 2009-2021 Ford F-150 Raptor PA467130,assets/images/products/shopify/1ae3e6903fd28f9f1013.jpg,
fapomoto,produkty/p0306-pa491930-8-stage-rear-4-6-in-lift-shocks-for-2007-2018-jeep-wrangler-pa491930.html,8-Stage Rear 4-6 in Lift Shocks for 2007-2018 Jeep Wrangler PA491930,assets/images/products/shopify/ecff97abdba8f044b34d.jpg,
fapomoto,produkty/p0307-pa590532-8-stage-rear-2-3-5-in-lift-shocks-for-1994-2013-dodge-ram-2500-3500-pa590532.html,8-Stage Rear 2-3.5 in Lift Shocks for 1994-2013 Dodge RAM 2500 3500 PA590532,assets/images/products/shopify/412b806e4f7c8154dc33.jpg,
fapomoto,produkty/p0308-pz060110-adjustable-control-arms-for-jeep-wrangler-jk-2007-2018-0-6-in-lift-kits-set-of-8-pz060110-pz0601.html,Adjustable Control Arms for Jeep Wrangler JK 2007-2018 0-6 in Lift kits(SET OF 8) PZ060110 PZ060120,assets/images/products/shopify/575790d1c5d7154c5dee.jpg,
fapomoto,produkty/p0309-pz060120-adjustable-rear-control-arms-for-jeep-wrangler-jk-2007-2018-0-6-lift-kits-set-of-4-pz060120.html,"Adjustable Rear Control Arms for Jeep Wrangler JK 2007-2018 0-6"" Lift Kits(SET OF 4) PZ060120",assets/images/products/shopify/88fcd65f99c85e77f7f6.jpg,
fapomoto,produkty/p0310-pz060110-adjustable-front-control-arms-for-jeep-wrangler-jk-2007-2018-0-6-lift-kits-set-of-4-pz060110.html,"Adjustable Front Control Arms for Jeep Wrangler JK 2007-2018 0-6"" Lift Kits(SET OF 4) PZ060110",assets/images/products/shopify/16bbc73c1304609d1b36.jpg,
fapomoto,produkty/p0311-pa192131-fapo-8-stage-front-2-5-3-5-in-lift-struts-fornissan-frontier-2005-2022-pa192131.html,FAPO 8-Stage Front 2.5-3.5 in Lift Struts ForNissan Frontier 2005-2022 PA192131,assets/images/products/shopify/05fe558d433cac3276d6.jpg,
fapomoto,produkty/p0312-pa162050-front-9-way-monotube-shocks-for-chevy-silverado-4th-gen-1500-2019-2021-0-2-in-lift-pa162050.html,Front 9-Way Monotube Shocks for Chevy Silverado 4th Gen 1500 2019-2021 (0-2 in Lift)  PA162050,assets/images/products/shopify/17a3e7037540178b9b0c.jpg,
fapomoto,produkty/p0313-pa162850-front-9-way-monotube-struts-for-jeep-grand-cherokee-wk2-2011-2020-0-2-in-lift-pa162850.html,Front 9-Way Monotube Struts for Jeep Grand Cherokee WK2 2011-2020 (0-2 in Lift)  PA162850,assets/images/products/shopify/9f19ec63acac94d5b317.jpg,
fapomoto,produkty/p0314-pa262850-rear-9-way-monotube-shocks-for-jeep-grand-cherokee-wk2-2011-2020-0-2-in-lift-pa262850.html,Rear 9-Way Monotube Shocks for Jeep Grand Cherokee WK2 2011-2020 (0-2 in Lift)  PA262850,assets/images/products/shopify/1eb221e7d1d98d305898.jpg,
fapomoto,produkty/p0315-pa160650-front-9-way-monotube-shocks-for-jeep-wrangler-jk-2007-2018-0-2-5-in-lift-pa160650.html,Front 9-Way Monotube Shocks for Jeep Wrangler JK 2007-2018 (0-2.5 in Lift)  PA160650,assets/images/products/shopify/ebffbeb3b862c957c8df.jpg,
fapomoto,produkty/p0316-pa291950-front-9-way-monotube-shocks-for-jeep-wrangler-jk-2007-2018-4-6-in-lift-pa291950.html,Front 9-Way Monotube Shocks for Jeep Wrangler JK 2007-2018 (4-6 in Lift)  PA291950,,
fapomoto,produkty/p0317-pa491950-rear-9-way-monotube-shocks-for-jeep-wrangler-jk-2007-2018-4-6-in-lift-pa491950.html,Rear 9-Way Monotube Shocks for Jeep Wrangler JK 2007-2018 (4-6 in Lift)  PA491950,,
fapomoto,produkty/p0318-pa160670-dual-adjustable-front-9-way-shocks-for-jeep-wrangler-jk-2007-2018-0-2-5-in-lift-pa160670.html,Dual-Adjustable Front 9-Way Shocks for Jeep Wrangler JK 2007-2018 (0-2.5 in Lift)  PA160670,assets/images/products/shopify/721fa3850bc017e314f2.jpg,
fapomoto,produkty/p0319-pa260670-dual-adjustable-rear-9-way-shocks-for-jeep-wrangler-jk-2007-2018-0-2-5-in-lift-pa260670.html,Dual-Adjustable Rear 9-Way Shocks for Jeep Wrangler JK 2007-2018 (0-2.5 in Lift)  PA260670,assets/images/products/shopify/a58494fc1bbfcc89c824.jpg,
fapomoto,produkty/p0320-pa491950-pa291950-9-stage-full-set-4-6-in-lift-shocks-for-jeep-wrangler-jk-2007-2018.html,9-Stage Full Set 4-6 in Lift Shocks For Jeep Wrangler JK 2007-2018,,
fapomoto,produkty/p0321-pa165110-pa265110-fapo-full-set-0-2-in-lift-struts-for-2003-2021-toyota-land-cruiser-prado-4runner-fj-cruiser-hilu.html,FAPO Full Set 0-2 in Lift Struts for 2003-2021 Toyota Land Cruiser Prado 4Runner FJ Cruiser Hilux Fortuner,assets/images/products/shopify/58129410121201abe78f.jpg,
fapomoto,produkty/p0322-pa165630-8-stage-full-set-0-2-in-lift-struts-for-toyota-tundra-2007-2021-p3-pa165630-pa265630.html,8-Stage Full Set 0-2 in Lift Struts for Toyota Tundra 2007-2021 P3 PA165630 PA265630,assets/images/products/shopify/2d76cd9c54a3253c7d87.jpg,
fapomoto,produkty/p0323-pa164230-8-stage-full-set-0-2-in-lift-struts-for-toyota-tacoma-2005-2021-pa164230-pa264230.html,8-Stage Full Set 0-2 in Lift Struts for Toyota Tacoma 2005-2021 PA164230 PA264230,assets/images/products/shopify/be8fb786d0069034747d.jpg,
fapomoto,produkty/p0324-pa165631-8-stage-full-set-3-3-5-in-lift-struts-for-toyota-tundra-2007-2021-pa165631-pa265631.html,8-Stage Full Set 3-3.5 in Lift Struts for Toyota Tundra 2007-2021 PA165631  PA265631,assets/images/products/shopify/5e849e498417cab15299.jpg,
fapomoto,produkty/p0325-schedule40-fapo-turbo-manifold-for-honda-civic-del-sol-crx-d15-d16-sohc-t3-38mm-schedule40.html,FAPO Turbo Manifold for Honda Civic del Sol CRX D15 D16 SOHC T3 38mm SCHEDULE40,assets/images/products/shopify/17b07f7c8fa15abe452c.jpg,
fapomoto,produkty/p0326-fe610310-fapo-single-turbo-manifold-for-toyota-supra-mk3-a70-7mgte-t4-40mm-wg-hatchback.html,FAPO Single Turbo Manifold for Toyota Supra Mk3 A70 7MGTE T4 40mm WG Hatchback,assets/images/products/shopify/614f3e28cc3232f97a66.jpg,
fapomoto,produkty/p0327-fe615320-fapo-turbo-manifold-for-91-92-mitsubishi-galant-vr-4-4g63t-2-0l-turbocharged.html,FAPO Turbo Manifold for 91-92 Mitsubishi Galant VR-4 4G63T 2.0L Turbocharged,assets/images/products/shopify/d1e22c93281bd652b315.jpg,
fapomoto,produkty/p0328-fe640190-fapo-shorty-headers-for-2010-2015-chevy-camaro-ss-6-2l-ls3-l99-v8-376-1-7-8-in.html,FAPO Shorty Headers for 2010-2015 Chevy Camaro SS 6.2L LS3 L99 V8 376 1-7/8 in,assets/images/products/shopify/43478a3e68f58c35c92b.jpg,
fapomoto,produkty/p0329-fe685610-fapo-shorty-headers-for-05-10-ford-mustang-gt-shelby-bullitt-lujo-4-6l-modular-fe685610.html,FAPO Shorty Headers for 05-10 Ford Mustang GT Shelby Bullitt Lujo 4.6L Modular FE685610,assets/images/products/shopify/de237802a58fe8ead591.jpg,
fapomoto,produkty/p0330-fe696610-fapo-shorty-headers-for-04-10-ford-f150-xl-xlt-stx-fx2-4-6l-281-triton-v8.html,FAPO Shorty Headers for 04-10 Ford F150 XL XLT STX FX2 4.6L 281 Triton V8,assets/images/products/shopify/4a28d07eec99dcfe9c4b.jpg,
fapomoto,produkty/p0331-pf000430-32-level-damping-coilover-for-scion-fr-s-zn6-2012-pf000430.html,32-Level Damping Coilover for Scion FR-S ZN6 2012+ PF000430,assets/images/products/shopify/9e38ab522e9718ba296a.jpg,
fapomoto,produkty/p0332-pf065620-32-level-damping-coilover-for-2016-scion-im-e186-pf065620.html,32-Level Damping Coilover for 2016 Scion IM E186 PF065620,assets/images/products/shopify/497172e914f017eb67d3.jpg,
fapomoto,produkty/p0333-pf000120-32-level-damping-coilover-for-saab-9-2x-2004-2006-pf000120.html,32-Level Damping Coilover for Saab 9-2X 2004-2006 PF000120,assets/images/products/shopify/f521d5c235836e312a6d.jpg,
fapomoto,produkty/p0334-pf006030-32-level-damping-coilover-for-1990-2002-bmw-3-series-e36-m3-z3-e36-96-02-pf006030.html,32-Level Damping Coilover for 1990-2002 BMW 3 Series E36 / M3 / Z3 E36 96-02 PF006030,assets/images/products/shopify/17baad7457a954edb414.jpg,
fapomoto,produkty/p0335-pf006230-32-level-damping-coilover-for-1982-1994-bmw-3-series-e30-51mm-pf006230.html,32-Level Damping Coilover for 1982-1994 BMW 3 Series E30 51mm PF006230,assets/images/products/shopify/b032109ee7d1f3cc334c.jpg,
fapomoto,produkty/p0336-pf007330-32-level-damping-coilover-for-1989-2005-mazda-mx-5-miata-1st-2nd-gen-na8c-nb8c-pf007330.html,32-Level Damping Coilover for 1989-2005 Mazda MX-5 Miata 1st / 2nd Gen NA8C/NB8C PF007330,assets/images/products/shopify/452a6b2c693cb576cb11.jpg,
fapomoto,produkty/p0337-pf007530-32-level-damping-coilover-for-2007-2019-mazda-2-de5-ford-fiesta-b299-pf007530.html,32-Level Damping Coilover for 2007-2019 Mazda 2 DE5 / Ford Fiesta B299 PF007530,assets/images/products/shopify/88135776a94ef9e2cb02.jpg,
fapomoto,produkty/p0338-pf008130-32-level-damping-coilover-for-2011-2020-infiniti-m37-m56-q50-q60-q70-v37-y51-pf008130.html,32-Level Damping Coilover for 2011-2020 Infiniti M37 M56 Q50 Q60 Q70 V37/Y51 PF008130,assets/images/products/shopify/1715821a1236e2ec0591.jpg,
fapomoto,produkty/p0339-cv36-32-level-damping-coilover-for-2003-2015-infiniti-g35x-g37x-m35x-m45x-q40-q60-awd-v36-cv36-pf0086.html,32-Level Damping Coilover for 2003-2015 Infiniti G35X G37X M35X M45X Q40 Q60 AWD V36/CV36 PF008620,assets/images/products/shopify/9d3a340cf07c95df218a.jpg,
fapomoto,produkty/p0340-pf010430-32-level-damping-coilover-for-1998-2006-subaru-legacy-be-bh-outback-baja-bt-pf010430.html,32-Level Damping Coilover for 1998-2006 Subaru Legacy BE/BH / Outback / Baja BT PF010430,assets/images/products/shopify/06da31196bc8a702efb8.jpg,
fapomoto,produkty/p0341-pf012220-32-level-damping-coilover-for-1990-1999-honda-accord-cb-cd-acura-cl-tl-vigor-pf012220.html,32-Level Damping Coilover for 1990-1999 Honda Accord CB/CD / Acura CL TL Vigor PF012220,assets/images/products/shopify/9345fff869c008d96a11.jpg,
fapomoto,produkty/p0342-gs300-32-level-damping-coilover-for-2005-2014-lexus-gs300-350-430-460-is250-350-is-f-xe20-s190-platfor.html,32-Level Damping Coilover for 2005-2014 Lexus GS300/350/430/460 / IS250/350/IS F XE20/S190 Platform PF015530,assets/images/products/shopify/081ce797c2f29e5c5874.jpg,
fapomoto,produkty/p0343-pf016630-32-level-damping-coilover-for-2006-2015-mini-cooper-r55-r56-r57-platform-pf016630.html,32-Level Damping Coilover for 2006-2015 Mini Cooper R55/R56/R57 Platform PF016630,assets/images/products/shopify/932207a9e24a7bcd24b5.jpg,
fapomoto,produkty/p0344-mx83-32-level-damping-coilover-for-1988-1992-toyota-chaser-cressida-x80-mx83-pf045930.html,32-Level Damping Coilover for 1988-1992 Toyota Chaser Cressida X80 MX83 PF045930,assets/images/products/shopify/9d3a340cf07c95df218a.jpg,
fapomoto,produkty/p0345-pf046330-32-level-damping-coilover-for-1998-2006-mercedes-benz-s-class-w220-cl-class-c215-airmatic-compat.html,32-Level Damping Coilover for 1998-2006 Mercedes-Benz S-Class W220 / CL-Class C215 (AIRMATIC Compatible) PF046330,assets/images/products/shopify/3258c055d14d6437a7d1.jpg,
fapomoto,produkty/p0346-ps001410-coilover-for-infiniti-g35-rwd-v35-2003-2007-ps001410.html,Coilover for INFINITI G35 RWD V35 2003-2007 PS001410,assets/images/products/shopify/e05631ee9c6be286c451.jpg,
fapomoto,produkty/p0347-ps008410-coilover-for-infiniti-g25-g35-g37-q40-q60-2006-2015-ps008410.html,Coilover for Infiniti G25/G35/G37/Q40/Q60 2006-2015 PS008410,assets/images/products/shopify/54d42f9f663b071e82fb.jpg,
fapomoto,produkty/p0348-fe605340-fapo-turbo-manifold-for-honda-civic-del-sol-crx-d15-d16-sohc-t3-38mm-wg-ram-horn.html,FAPO Turbo Manifold for Honda Civic del Sol CRX D15 D16 SOHC T3 38mm WG Ram Horn,assets/images/products/shopify/ebc477ab5b78892373d7.jpg,
fapomoto,produkty/p0349-jza80-fapo-single-turbo-manifold-for-toyota-supra-mk4-jza80-2jz-gte-t4-schedule-40.html,FAPO Single Turbo Manifold for Toyota Supra Mk4 JZA80 2JZ-GTE T4 SCHEDULE 40,assets/images/products/shopify/57ab638420f591b07dbe.jpg,
fapomoto,produkty/p0350-sw20-fapo-turbo-manifold-for-3sgte-gen3-toyota-mr2-sw20-celica-gt4-caldina-gt-t-st205.html,FAPO Turbo Manifold for 3SGTE Gen3 Toyota MR2 SW20 Celica GT4 Caldina GT-T ST205,assets/images/products/shopify/0393625acbe24b686f7d.jpg,
fapomoto,produkty/p0351-pa360630-8-stage-front-3-4-5-in-lift-shocks-for-2007-2018-jeep-wrangler-jk-2pcs-set-pa360630.html,8-Stage Front 3-4.5 in Lift Shocks for 2007-2018 Jeep Wrangler JK 2Pcs Set PA360630,assets/images/products/shopify/86b9f02e889384ae02ee.jpg,
fapomoto,produkty/p0352-pa660630-8-stage-rear-3-4-5-in-lift-shocks-for-2007-2018-jeep-wrangler-jk-2pcs-set-pa660630.html,8-Stage Rear 3-4.5 in Lift Shocks for 2007-2018 Jeep Wrangler JK 2Pcs Set PA660630,assets/images/products/shopify/7d5d9160920e34ba45d3.jpg,
fapomoto,produkty/p0353-pa360630-8-stage-full-set-3-4-5-in-lift-shocks-for-2007-2018-jeep-wrangler-jk-4pcs-set-pa360630-pa660630.html,8-Stage Full Set 3-4.5 in Lift Shocks for 2007-2018 Jeep Wrangler JK 4Pcs Set ‎PA360630 PA660630,assets/images/products/shopify/dd5cbe87c1b4047200b8.jpg,
fapomoto,produkty/p0354-fg000110-official-fapo-moto-adult-black-t-shirt.html,Official FAPO MOTO Adult Black T-Shirt,assets/images/products/shopify/e8e105f0a9bf22639658.webp,
fapomoto,produkty/p0355-pz061310-fapo-front-steering-drift-angle-kit-for-nissan-s13-s14-s15-1989-2002-8-pcs-pz061310.html,FAPO Front Steering Drift Angle Kit For Nissan S13 S14 S15 1989-2002  8 PCS PZ061310,assets/images/products/shopify/689e6ce7099ffb8b9148.webp,
fapomoto,produkty/p0356-pz006210-fapo-bmw-e36-angle-kit-for-drift-and-aggressive-track-use-pz006210.html,Fapo BMW E36 Angle Kit for Drift and Aggressive Track Use PZ006210,assets/images/products/shopify/8bfa12b29b102ec11b8f.jpg,
fapomoto,produkty/p0357-pf008030-32-level-damping-coilover-for-pontiac-g8-2008-2009-pf008030.html,32-Level Damping Coilover for Pontiac G8 2008-2009 PF008030,assets/images/products/shopify/1e3c3342469f96c8eaeb.jpg,
fapomoto,produkty/p0358-pf049220-32-level-damping-coilover-for-hyundai-accent-2018-2023-kia-rio-2018-2023.html,32-Level Damping Coilover for Hyundai Accent 2018-2023/ Kia RIO 2018-2023,assets/images/products/shopify/5b4e57338c53a2c41671.jpg,
fapomoto,produkty/p0359-pf029830-32-level-damping-coilover-for-2016-2025-hyundai-elantra-kia-forte-2019-2024-pf029830.html,32-Level Damping Coilover for 2016-2025 Hyundai Elantra/ Kia Forte 2019-2024 PF029830,assets/images/products/shopify/649179db5f1ce1188fca.jpg,
fapomoto,produkty/p0360-pz701310-fapo-2-pcs-of-front-offset-tension-rod-for-nissan-s13-240sx-silvia-1989-1994-pz701310.html,FAPO 2 Pcs of Front Offset Tension Rod for Nissan S13 240SX Silvia 1989-1994 PZ701310,assets/images/products/shopify/bd09671fa9c38cb97c5d.webp,
fapomoto,produkty/p0361-pf012330-32-level-damping-coilover-for-honda-accord-7th-gen-cm-2003-2007-acura-tsx-cl9-2004-2008-pf012330.html,32-Level Damping Coilover For Honda Accord 7th Gen CM 2003-2007 / Acura TSX CL9 2004-2008 PF012330,assets/images/products/shopify/4123a32bbc45b53d6f59.jpg,
fapomoto,produkty/p0362-cv36-32-level-damping-coilover-for-infiniti-g35x-awd-v36-g37x-awd-q60-awd-v36-cv36-pf008630.html,32-Level Damping Coilover For Infiniti G35X AWD V36 / G37X AWD / Q60 AWD V36/CV36 PF008630,assets/images/products/shopify/0398a10b614d3cea3cf7.jpg,
fapomoto,produkty/p0363-pf009530-32-level-damping-coilover-for-chevrolet-camaro-5th-gen-2010-2015-pf009530.html,32-Level Damping Coilover For Chevrolet Camaro 5th Gen 2010-2015 PF009530,assets/images/products/shopify/c604b992067484e77fa1.jpg,
fapomoto,produkty/p0364-re16-32-level-damping-coilover-for-mini-cooper-r50-cooper-s-r53-cabrio-1st-gen-r52-re16-pf016530.html,32-Level Damping Coilover For Mini Cooper R50/Cooper S R53 / Cabrio 1st Gen R52/RE16 PF016530,assets/images/products/shopify/0398a10b614d3cea3cf7.jpg,
fapomoto,produkty/p0365-zc16-32-level-damping-coilover-for-mini-countryman-r60-zc16-2010-2016-paceman-r61-2013-2016-pf016830.html,32-Level Damping Coilover For Mini Countryman R60/ZC16 2010-2016 / Paceman R61 2013-2016 PF016830,assets/images/products/shopify/0398a10b614d3cea3cf7.jpg,
fapomoto,produkty/p0366-pf026430-32-level-damping-coilover-for-bmw-3-series-5th-gen-awd-e90-2006-2011-pf026430.html,32-Level Damping Coilover For BMW 3 Series 5th Gen AWD E90 2006-2011 PF026430,assets/images/products/shopify/51103abd81457a87e998.jpg,
fapomoto,produkty/p0367-pf030130-32-level-damping-coilover-for-subaru-wrx-wrx-sti-1st-gen-va1-va2-2014-2021-pf030130.html,32-Level Damping Coilover For Subaru WRX / WRX STI 1st Gen VA1 / VA2 2014-2021 PF030130,assets/images/products/shopify/653843d880e6f9699d36.jpg,
fapomoto,produkty/p0368-ex25-32-level-damping-coilover-for-infiniti-ex25-g37-convertible-v36-q60-convertible-cv36-v36-pf03473.html,32-Level Damping Coilover For Infiniti EX25 / G37 Convertible V36 / Q60 Convertible CV36/V36 PF034730,assets/images/products/shopify/0b7ed5ae33439f971a65.png,
fapomoto,produkty/p0369-gr86-32-level-damping-coilover-for-toyota-86-zn6-zc6-2012-2020-gr86-zn8-zd8-2021-pf000420.html,32-Level Damping Coilover For Toyota 86 ZN6/ZC6 2012-2020 / GR86 ZN8/ZD8 2021+ PF000420,assets/images/products/shopify/544c5f9ae926ddd34539.jpg,
fapomoto,produkty/p0370-pf000830-32-level-damping-coilover-for-subaru-impreza-gh-ge-wrx-gr-gv-2008-2014-gj-gp-2012-2016-pf000830.html,32-Level Damping Coilover For Subaru Impreza GH/GE / WRX GR/GV 2008-2014 / GJ/GP 2012-2016 PF000830,assets/images/products/shopify/65cf4746464fec9b58ce.jpg,
fapomoto,produkty/p0371-pf002130-32-level-damping-coilover-for-honda-civic-7th-gen-em-es-si-ep3-7th-gen-type-r-ep3-2001-2005-pf00.html,32-Level Damping Coilover For Honda Civic 7th Gen EM/ES / SI EP3  / 7th Gen Type-R EP3 2001-2005 PF002130,assets/images/products/shopify/7995be9e773e9a8b62b6.jpg,
fapomoto,produkty/p0372-pf003630-32-level-damping-coilover-for-mitsubishi-outlander-sport-2010-asx-2010-lancer-ex-2007-2017-pf003.html,32-Level Damping Coilover For Mitsubishi Outlander Sport 2010+ / ASX 2010+ / Lancer EX 2007-2017 PF003630,assets/images/products/shopify/7b99ea3166d5dd9dff03.jpg,
fapomoto,produkty/p0373-pf044130-32-level-damping-coilover-for-vw-golf-6th-gen-mk6-a6-2009-2012-sagitar-gli-a6-2011-2019-pf044130.html,32-Level Damping Coilover For VW Golf 6th Gen MK6/A6 2009-2012 / Sagitar GLI A6 2011-2019 PF044130,assets/images/products/shopify/b7f866f0757c1c56f304.jpg,
fapomoto,produkty/p0374-sw20-32-level-damping-coilover-for-toyota-mr2-2nd-gen-sw20-21-1990-1999-pf005030.html,32-Level Damping Coilover For Toyota MR2 2nd Gen SW20/21 1990-1999 PF005030,assets/images/products/shopify/0b7ed5ae33439f971a65.png,
fapomoto,produkty/p0375-jzx90-32-level-damping-coilover-for-toyota-mark-ii-jzx90-1992-1996-jzx100-1996-2000-chaser-x90-x100-pf.html,32-Level Damping Coilover For Toyota Mark II JZX90 1992-1996 / JZX100 1996-2000 / Chaser X90/X100 PF005130,assets/images/products/shopify/0b7ed5ae33439f971a65.png,
fapomoto,produkty/p0376-ae92-32-level-damping-coilover-for-toyota-corolla-6th-7th-gen-ae92-ae100-ae101-1987-2000-pf005520.html,32-Level Damping Coilover For Toyota Corolla 6th/7th Gen AE92/AE100/AE101 1987-2000 PF005520,assets/images/products/shopify/0b7ed5ae33439f971a65.png,
fapomoto,produkty/p0377-pf006430-32-level-damping-coilover-for-bmw-3-series-5th-gen-e90-e91-e92-e93-2006-2013-pf006430.html,32-Level Damping Coilover For BMW 3 Series 5th Gen E90/E91/E92/E93 2006-2013 PF006430,assets/images/products/shopify/2a05c34b768e9d9f6938.jpg,
fapomoto,produkty/p0378-pf006530-32-level-damping-coilover-for-bmw-3-series-6th-gen-f30-f31-f34-2011-2021-4-series-1st-gen-f32-f3.html,32-Level Damping Coilover For BMW 3 Series 6th Gen F30/F31/F34 2011-2021 / 4 Series 1st Gen F32/F33/F36 PF006530,assets/images/products/shopify/60b23a599edd1bb91d4f.jpg,
fapomoto,produkty/p0379-pf006720-32-level-damping-coilover-for-bmw-z4-e85-e86-2002-2008-pf006720.html,32-Level Damping Coilover For BMW Z4 E85/E86 2002-2008 PF006720,assets/images/products/shopify/5c34041638a3711a6cc0.jpg,
fapomoto,produkty/p0380-pf006820-32-level-damping-coilover-for-bmw-5-series-4th-gen-e39-m5-e39-1995-2003-pf006820.html,32-Level Damping Coilover For BMW 5 Series 4th Gen E39 / M5 E39 1995-2003 PF006820,assets/images/products/shopify/06a88cef9842b60e5c04.jpg,
fapomoto,produkty/p0381-pf007230-32-level-damping-coilover-for-mazda-rx-7-2nd-gen-fc3s-1987-1992-pf007230.html,32-Level Damping Coilover For Mazda RX-7 2nd Gen FC3S 1987-1992 PF007230,assets/images/products/shopify/710fd78c2944845ea6a7.jpg,
fapomoto,produkty/p0382-pf007930-32-level-damping-coilover-for-mazda-3-bk-2003-2013-mazdaspeed3-2007-2009-ford-focus-mk2-2005-201.html,32-Level Damping Coilover For Mazda 3 BK 2003-2013 / Mazdaspeed3 2007-2009 / Ford Focus MK2 2005-2014 PF007930,assets/images/products/shopify/9bf7457ccd8ab57a8345.jpg,
fapomoto,produkty/p0383-pf008420-32-level-damping-coilover-for-nissan-370z-z34-2008-2021-infiniti-g37-rwd-v36-2008-2013-pf008420.html,32-Level Damping Coilover For Nissan 370Z Z34 2008-2021 / Infiniti G37 RWD V36 2008-2013 PF008420,assets/images/products/shopify/76a86cf7ae235a89f94a.jpg,
fapomoto,produkty/p0384-pf009520-32-level-damping-coilover-for-chevrolet-camaro-5th-gen-2010-2015-pf009520.html,32-Level Damping Coilover For Chevrolet Camaro 5th Gen 2010-2015 PF009520,assets/images/products/shopify/c7981a562b5b9bb80c1a.jpg,
fapomoto,produkty/p0385-pf009630-32-level-damping-coilover-for-chevrolet-cruze-1st-gen-j300-2008-2016-pf009630.html,32-Level Damping Coilover For Chevrolet Cruze 1st Gen J300 2008-2016 PF009630,assets/images/products/shopify/108e294d3a71bcfa8d9f.jpg,
fapomoto,produkty/p0386-pf009630-32-level-damping-coilover-for-chevrolet-cruze-1st-gen-j300-2008-2016-pf009630.html,32-Level Damping Coilover For Chevrolet Cruze 1st Gen J300 2008-2016 PF009630,assets/images/products/shopify/370540fb2b84611d2dff.jpg,
fapomoto,produkty/p0387-pf010230-32-level-damping-coilover-for-subaru-legacy-4th-gen-bl9-bp-2003-2009-pf010230.html,32-Level Damping Coilover For Subaru Legacy 4th Gen BL9/BP 2003-2009 PF010230,assets/images/products/shopify/85ade4769de1d7833232.jpg,
fapomoto,produkty/p0388-pf012120-32-level-damping-coilover-for-honda-accord-6th-gen-cg-cf-1998-2002-acura-cl-2nd-gen-ya4-2000-200.html,32-Level Damping Coilover For Honda Accord 6th Gen CG/CF 1998-2002 / Acura CL 2nd Gen YA4 2000-2003 / Acura TL 2nd Gen UA4/UA5 1999-2003 PF012120,assets/images/products/shopify/c5ad690b6cbcf7bed0fc.jpg,
fapomoto,produkty/p0389-pf012420-32-level-damping-coilover-for-honda-accord-8th-gen-cp-cs-2008-2012-honda-spirior-1st-gen-2009-20.html,32-Level Damping Coilover For Honda Accord 8th Gen CP/CS 2008-2012 / Honda Spirior 1st Gen 2009-2014 / Acura TSX 2nd Gen CU 2009-2014 PF012420,assets/images/products/shopify/12f36af6b0bffec073a4.jpg,
fapomoto,produkty/p0390-pf019720-32-level-damping-coilover-for-2010-2020-buick-regal-chevy-malibu-impala-opel-insignia-pf019720.html,32-Level Damping Coilover for 2010-2020 Buick Regal / Chevy Malibu Impala / Opel Insignia PF019720,assets/images/products/shopify/eec1cb5238a84ec18b85.jpg,
fapomoto,produkty/p0391-pf019730-32-level-damping-coilover-for-2010-2020-buick-regal-lacrosse-chevy-malibu-impala-opel-insignia-p.html,32-Level Damping Coilover for 2010-2020 Buick Regal / LaCrosse Chevy Malibu / Impala Opel Insignia PF019730,assets/images/products/shopify/493baf898ad9d9b1ba46.jpg,
fapomoto,produkty/p0392-pf021430-32-level-damping-coilover-for-nissan-altima-3rd-gen-l31-2002-2006-nissan-maxima-6th-gen-a34-2004.html,32-Level Damping Coilover For Nissan Altima 3rd Gen L31 2002-2006 / Nissan Maxima 6th Gen A34 2004-2008 PF021430,assets/images/products/shopify/bb677b18860a84417ba2.jpg,
fapomoto,produkty/p0393-pf022020-32-level-damping-coilover-for-1995-2001-honda-cr-v-1st-gen-rd1-rd3-pf022020.html,32-Level Damping Coilover For 1995-2001 Honda CR-V 1st Gen RD1-RD3 PF022020,assets/images/products/shopify/79a8615230ef46766d63.jpg,
fapomoto,produkty/p0394-pf023230-32-level-damping-coilover-for-bmw-5-series-5th-gen-awd-e60-e61-2003-2010-pf023230.html,32-Level Damping Coilover For BMW 5 Series 5th Gen AWD E60/E61 2003-2010 PF023230,assets/images/products/shopify/005c36a025a302f82cd8.jpg,
fapomoto,produkty/p0395-pf024030-32-level-damping-coilover-for-audi-a4-5th-gen-awd-b9-8w-a5-cabriolet-2wd-f57-a6-c8-4k-s4-b9-8w-r.html,32-Level Damping Coilover For Audi A4 5th Gen AWD B9/8W / A5 Cabriolet 2WD F57 / A6 C8/4K / S4 B9/8W / RS5 B9/F5 2016-2024 PF024030,assets/images/products/shopify/027b5796ebef29c8527f.jpg,
fapomoto,produkty/p0396-pf029130-32-level-damping-coilover-for-hyundai-genesis-coupe-2nd-gen-bk-2011-2015-pf029130.html,32-Level Damping Coilover For Hyundai Genesis Coupe 2nd Gen BK 2011-2015 PF029130,assets/images/products/shopify/e4fe5082608ba1ebcb3c.jpg,
fapomoto,produkty/p0397-pf029320-32-level-damping-coilover-for-2002-2008-hyundai-tiburon-gk-coupe-gk-pf029320.html,32-Level Damping Coilover for 2002-2008 Hyundai Tiburon GK & Coupe GK PF029320,assets/images/products/shopify/c3db519d101c07f6692b.jpg,
fapomoto,produkty/p0398-pf030230-32-level-damping-coilover-for-subaru-impreza-5th-gen-gk-gt-2016-2023-pf030230.html,32-Level Damping Coilover For Subaru Impreza 5th Gen GK/GT 2016-2023 PF030230,assets/images/products/shopify/b6f19b19fa55d491951b.jpg,
fapomoto,produkty/p0399-xx30-32-level-damping-coilover-for-2005-2017-toyota-avalon-xx30-camry-xv40-xv50-lexus-es-acv40-pf0358.html,32-Level Damping Coilover for 2005-2017 Toyota Avalon XX30 / Camry XV40-XV50 / Lexus ES ACV40 PF035820,assets/images/products/shopify/d4729b1c0db11158194f.jpg,
fapomoto,produkty/p0400-pf036830-32-level-damping-coilover-for-1993-2003-mercedes-benz-w202-w210-c208-c-class-clk-e-class-pf03683.html,32-Level Damping Coilover for 1993-2003 Mercedes-Benz W202 / W210 / C208 – C-Class CLK E-Class PF036830,assets/images/products/shopify/c6ed94cbbf6640db82a7.jpg,
fapomoto,produkty/p0401-pf039230-32-level-damping-coilover-for-2011-2018-kia-rio-ub-hyundai-accent-rb-includes-pegas-pf039230.html,32-Level Damping Coilover for 2011-2018+ Kia Rio UB / Hyundai Accent RB – Includes Pegas  PF039230,assets/images/products/shopify/283abe3385c2c8f700d4.jpg,
fapomoto,produkty/p0402-pf039820-32-level-damping-coilover-for-tesla-model-3-4wd-2017-pf039820.html,32-Level Damping Coilover For Tesla Model 3 4WD 2017+ PF039820,assets/images/products/shopify/d436fe89cc47249dd2f9.jpg,
fapomoto,produkty/p0403-pf042530-32-level-damping-coilover-for-honda-accord-10th-gen-cv1-cv2-cv3-2018-2022-inspire-6th-gen-cv4-cv.html,32-Level Damping Coilover For Honda Accord 10th Gen CV1/CV2/CV3 2018-2022 / Inspire 6th Gen CV4 / CV6 2018+ / Inspire 7th Gen CY 2023+ PF042530,assets/images/products/shopify/2cddfd26f331dd5f084f.jpg,
fapomoto,produkty/p0404-pf045030-32-level-damping-coilover-for-toyota-camry-7th-gen-se-2011-2017-pf045030.html,32-Level Damping Coilover For Toyota Camry 7th Gen SE 2011-2017 PF045030,assets/images/products/shopify/b2061fc44ec771f92ac6.jpg,
fapomoto,produkty/p0405-pf069920-32-level-damping-coilover-for-2005-2023-chrysler-300-dodge-charger-challenger-awd-lx-la-platform.html,32-Level Damping Coilover for 2005-2023 Chrysler 300 / Dodge Charger / Challenger AWD – LX LA Platform PF069920,assets/images/products/shopify/524d8fde812a4acdf3f1.jpg,
fapomoto,produkty/p0406-gs350-32-level-damping-coilover-for-2011-lexus-gs350-is350-rc350-rwd-includes-hybrid-turbo-pf075220.html,32-Level Damping Coilover for 2011+ Lexus GS350 IS350 RC350 RWD – Includes Hybrid & Turbo PF075220,assets/images/products/shopify/62d403aba2b5d1b395bb.jpg,
fapomoto,produkty/p0407-ps006020-16-level-damping-coilover-for-bmw-3-series-e36-non-m-1990-2000-m3-e36-1992-1999-z3-e36-1996-2002.html,16-Level Damping Coilover For BMW 3 Series E36 (Non-M) 1990-2000 / M3 E36 1992-1999 / Z3 E36 1996-2002 PS006020,assets/images/products/shopify/35857f1310d1d0180ec6.jpg,
fapomoto,produkty/p0408-ps006120-16-level-damping-coilover-for-bmw-3-series-e46-non-m-1997-2006-m3-e46-1998-2005-ps006120.html,16-Level Damping Coilover For BMW 3 Series E46 (Non-M) 1997-2006 / M3 E46 1998-2005 PS006120,assets/images/products/shopify/5c80dc4b689155b82e99.jpg,
fapomoto,produkty/p0409-ps002020-16-level-damping-coilover-for-honda-civic-8th-gen-fd-fa-fg-2006-2011-ps002020.html,16-Level Damping Coilover For Honda Civic 8th Gen FD/FA/FG 2006-2011 PS002020,assets/images/products/shopify/81d1bce7c2f3f2f00a62.jpg,
fapomoto,produkty/p0410-ps002520-16-level-damping-coilover-for-honda-civic-9th-gen-fg-fb-si-fg-fb-2012-2015-ps002520.html,16-Level Damping Coilover For Honda Civic 9th Gen FG/FB/SI FG/FB 2012-2015 PS002520,assets/images/products/shopify/9e8619e8a96c3c4f717f.jpg,
fapomoto,produkty/p0411-ps022020-16-level-damping-coilover-for-honda-cr-v-1st-gen-rd1-rd3-1995-2001-ps022020.html,16-Level Damping Coilover For Honda CR-V 1st Gen RD1-RD3 1995-2001 PS022020,assets/images/products/shopify/0fb9b9b5d0c089e178ab.jpg,
fapomoto,produkty/p0412-ps006520-16-level-damping-coilover-for-bmw-3-series-f30-f31-f34-2011-2019-ps006520.html,16-Level Damping Coilover For BMW 3 Series F30/F31/F34 2011-2019 PS006520,assets/images/products/shopify/a807ce0feedfc922eb0a.jpg,
fapomoto,produkty/p0413-ps006820-16-level-damping-coilover-for-bmw-5-series-e39-1995-2003-m5-e39-1998-2003-ps006820.html,16-Level Damping Coilover For BMW 5 Series E39 1995-2003 / M5 E39 1998-2003 PS006820,assets/images/products/shopify/f0a142c18e245adf8a02.jpg,
fapomoto,produkty/p0414-ps012220-16-level-damping-coilover-for-honda-accord-4th-gen-cb-1990-1994-accord-5th-gen-cd5-7-1993-1997-p.html,16-Level Damping Coilover For Honda Accord 4th Gen CB 1990-1994 / Accord 5th Gen CD5/7 1993-1997 PS012220,assets/images/products/shopify/73fc0377919b423cd20c.jpg,
fapomoto,produkty/p0415-ps012420-16-level-damping-coilover-for-honda-accord-8th-gen-cp-cs-2008-2012-ps012420.html,16-Level Damping Coilover For Honda Accord 8th Gen CP/CS 2008-2012 PS012420,assets/images/products/shopify/1cfd75ccc7c0cf19208d.jpg,
fapomoto,produkty/p0416-is200-16-level-damping-coilover-for-lexus-is200-is300-1st-gen-gxe10-jce10-sxe10-1999-2005-ps015420.html,16-Level Damping Coilover For Lexus IS200/IS300 1st Gen GXE10/JCE10/SXE10 1999–2005 PS015420,assets/images/products/shopify/a60fccd9818a1073d915.png,
fapomoto,produkty/p0417-ps017320-16-level-damping-coilover-for-ford-mustang-5th-gen-s197-2005-2014-ps017320.html,16-Level Damping Coilover For Ford Mustang 5th Gen S197 2005–2014 PS017320,assets/images/products/shopify/fe2731e562296bf0d3d4.jpg,
fapomoto,produkty/p0418-ps001420-16-level-damping-coilover-for-nissan-350z-nissan-fairlady-z-z33-2003-2008-ps001420.html,16-Level Damping Coilover For Nissan 350Z/Nissan Fairlady Z Z33 2003–2008 PS001420,assets/images/products/shopify/1ffcf8c886c03147872c.jpg,
fapomoto,produkty/p0419-ps012120-16-level-damping-coilover-for-honda-accord-6th-gen-cg-cf-1998-2002-ps012120.html,16-Level Damping Coilover For Honda Accord 6th Gen CG/CF 1998–2002 PS012120,assets/images/products/shopify/25905705410412c58ca7.jpg,
fapomoto,produkty/p0420-ps000120-16-level-damping-coilover-for-subaru-impreza-2nd-gen-wrx-gd-gg-2002-2007-ps000120.html,16-Level Damping Coilover For Subaru Impreza 2nd Gen WRX GD/GG 2002–2007 PS000120,assets/images/products/shopify/56aa32752d2768b27f50.jpg,
fapomoto,produkty/p0421-ps000820-16-level-damping-coilover-for-subaru-impreza-wrx-gr-gv-2008-2014-ps000820.html,16-Level Damping Coilover For Subaru Impreza WRX GR/GV 2008–2014 PS000820,assets/images/products/shopify/6906108c2428848acdd2.jpg,
fapomoto,produkty/p0422-ps001220-16-level-damping-coilover-for-nissan-silvia-240sx-s13-1989-1994-ps001220.html,16-Level Damping Coilover For Nissan Silvia/240SX S13 1989–1994 PS001220,assets/images/products/shopify/4303e4723d6b026adb38.jpg,
fapomoto,produkty/p0423-ps001320-16-level-damping-coilover-for-nissan-silvia-240sx-s14-1995-1998-ps001320.html,16-Level Damping Coilover For Nissan Silvia/240SX S14 1995–1998 PS001320,assets/images/products/shopify/a1b4df29a36d7d8e077d.jpg,
fapomoto,produkty/p0424-ps006220-16-level-damping-coilover-for-bmw-3-series-2nd-gen-e30-1982-1994-ps006220.html,16-Level Damping Coilover For BMW 3 Series 2nd Gen E30 1982–1994 PS006220,assets/images/products/shopify/a698b9d5b1c7c9361512.jpg,
fapomoto,produkty/p0425-ps006420-16-level-damping-coilover-for-bmw-3-series-5th-gen-e90-e91-e92-e93-2006-2013-ps006420.html,16-Level Damping Coilover For BMW 3 Series 5th Gen E90/E91/E92/E93 2006–2013 PS006420,assets/images/products/shopify/58e7a71f9a7f191194e9.jpg,
fapomoto,produkty/p0426-ps006620-16-level-damping-coilover-for-bmw-5-series-5th-gen-e60-e61-2003-2010-ps006620.html,16-Level Damping Coilover For BMW 5 Series 5th Gen E60/E61 2003–2010 PS006620,assets/images/products/shopify/a102e57d868bae9cf373.jpg,
fapomoto,produkty/p0427-ps008420-16-level-damping-coilover-for-nissan-370z-z34-2008-2021-ps008420.html,16-Level Damping Coilover For Nissan 370Z Z34 2008–2021 PS008420,assets/images/products/shopify/ef999bf6f3b66a990933.jpg,
fapomoto,produkty/p0428-ps010220-16-level-damping-coilover-for-subaru-legacy-4th-gen-bl-bp-2003-2009-ps010220.html,16-Level Damping Coilover For Subaru Legacy 4th Gen BL/BP 2003–2009 PS010220,assets/images/products/shopify/d6af5b857963612b3b14.jpg,
fapomoto,produkty/p0429-ps017420-16-level-damping-coilover-for-ford-mustang-4th-gen-sn-95-1994-2004-ps017420.html,16-Level Damping Coilover For Ford Mustang 4th Gen SN-95 1994–2004 PS017420,assets/images/products/shopify/3628bcbb8466b909b202.jpg,
fapomoto,produkty/p0430-ps020320-16-level-damping-coilover-for-subaru-forester-3rd-gen-sh-2008-2013-ps020320.html,16-Level Damping Coilover For Subaru Forester 3rd Gen SH 2008–2013 PS020320,assets/images/products/shopify/60d94278dc0e02d7e930.jpg,
fapomoto,produkty/p0431-ps022220-16-level-damping-coilover-for-honda-cr-v-3rd-gen-re1-re5-re7-2007-2011-ps022220.html,16-Level Damping Coilover For Honda CR-V 3rd Gen RE1-RE5/RE7 2007-2011 PS022220,assets/images/products/shopify/32ff0535573500f3bed2.jpg,
fapomoto,produkty/p0432-ps026920-16-level-damping-coilover-for-bmw-5-series-3rd-gen-e34-1988-1996-ps026920.html,16-Level Damping Coilover For BMW 5 Series 3rd Gen E34 1988-1996 PS026920,assets/images/products/shopify/f7b3ba7bdde389858887.jpg,
fapomoto,produkty/p0433-xv40-16-level-damping-coilover-for-toyota-camry-6th-gen-xv40-acv40-2007-2011-ps035820.html,16-Level Damping Coilover For Toyota Camry 6th Gen XV40/ACV40 2007-2011 PS035820,assets/images/products/shopify/6f324905af96a41cbe32.png,
fapomoto,produkty/p0434-ps007220-16-level-damping-coilover-for-mazda-rx-7-2nd-gen-fc3s-1987-1992-ps007220.html,16-Level Damping Coilover For Mazda RX-7 2nd Gen FC3S 1987-1992 PS007220,assets/images/products/shopify/dcd9e8d185dd3b6db9ff.jpg,
fapomoto,produkty/p0435-ps012620-16-level-damping-coilover-for-honda-accord-9th-gen-ct1-ct2-cr2-cr3-cr6-2012-2019-ps012620.html,16-Level Damping Coilover For Honda Accord 9th Gen CT1/CT2/CR2/CR3/CR6 2012-2019 PS012620,assets/images/products/shopify/505e761c0387016c2c98.jpg,
fapomoto,produkty/p0436-ps029120-16-level-damping-coilover-for-hyundai-genesis-coupe-2nd-gen-bk-2011-2015-ps029120.html,16-Level Damping Coilover For Hyundai Genesis Coupe 2nd Gen BK 2011-2015 PS029120,assets/images/products/shopify/1b10a5282661b074821b.jpg,
fapomoto,produkty/p0437-ps058420-16-level-damping-coilover-for-cadillac-cts-2nd-gen-3-0l-2007-2014-3-6l-2014-2019-ps058420.html,16-Level Damping Coilover For Cadillac CTS 2nd Gen 3.0L 2007-2014 / 3.6L 2014-2019 PS058420,assets/images/products/shopify/bf2c5fc14060103ad978.jpg,
fapomoto,produkty/p0438-ps002820-16-level-damping-coilover-for-honda-fit-jazz-2nd-gen-ge6-ge7-ge8-ge9-2007-2014-ps002820.html,16-Level Damping Coilover For Honda Fit/Jazz 2nd Gen GE6/GE7/GE8/GE9 2007-2014 PS002820,assets/images/products/shopify/e44f4b785d2252aa72ea.jpg,
fapomoto,produkty/p0439-ps008020-16-level-damping-coilover-for-pontiac-g8-2008-2009-sedan-ps008020.html,16-Level Damping Coilover For Pontiac G8 2008-2009 Sedan PS008020,assets/images/products/shopify/3100ccce078e2a69491c.jpg,
fapomoto,produkty/p0440-ps002910-coilover-for-honda-fit-jazz-3rd-gen-gk3-gk5-2013-2020-ps002910.html,Coilover For Honda Fit/Jazz 3rd Gen GK3/GK5 2013-2020 PS002910,assets/images/products/shopify/3ae98438aea83cf86b65.jpg,
fapomoto,produkty/p0441-ps004820-16-level-damping-coilover-for-vw-golf-mk7-gti-2012-2020-ps004820.html,16-Level Damping Coilover For VW Golf MK7 GTI 2012-2020 PS004820,assets/images/products/shopify/b1ca2288865f71b904c3.jpg,
fapomoto,produkty/p0442-ps009720-16-level-damping-coilover-for-chevrolet-cobalt-2005-2009-ps009720.html,16-Level Damping Coilover For Chevrolet Cobalt 2005-2009 PS009720,assets/images/products/shopify/5916257efa84dcc2df39.jpg,
fapomoto,produkty/p0443-gt86-16-level-damping-coilover-for-toyota-86-gt86-ft86-1st-gen-zn6-zc6-2012-2020-ps000420.html,16-Level Damping Coilover For Toyota 86/GT86/FT86 1st Gen ZN6/ZC6 2012-2020 PS000420,assets/images/products/shopify/495cda033e05ccade2a2.png,
fapomoto,produkty/p0444-ps026420-16-level-damping-coilover-for-bmw-3-series-5th-gen-awd-e90-2006-2011-ps026420.html,16-Level Damping Coilover For BMW 3 Series 5th Gen AWD E90 2006-2011 PS026420,assets/images/products/shopify/e77014ff610935f4a41c.jpg,
fapomoto,produkty/p0445-ps003620-16-level-damping-coilover-for-mitsubishi-lancer-ex-cx-cy-2007-2017-ps003620.html,16-Level Damping Coilover For Mitsubishi Lancer EX CX/CY 2007-2017 PS003620,assets/images/products/shopify/62665c8a5ebe697c3a83.jpg,
fapomoto,produkty/p0446-ps011320-16-level-damping-coilover-for-nissan-sentra-5th-gen-b15-n16-2000-2006-ps011320.html,16-Level Damping Coilover For Nissan Sentra 5th Gen B15/N16 2000-2006 PS011320,assets/images/products/shopify/918e1364c862d2cd32e3.jpg,
fapomoto,produkty/p0447-ps002920-16-level-damping-coilover-for-honda-fit-jazz-3rd-gen-gk3-gk5-2013-2020-ps002920.html,16-Level Damping Coilover For Honda Fit/Jazz 3rd Gen GK3/GK5 2013-2020 PS002920,assets/images/products/shopify/28e7e7b0ef4f2ac32747.jpg,
fapomoto,produkty/p0448-ps026820-16-level-damping-coilover-for-bmw-5-series-2nd-gen-e28-1981-1988-58mm-ps026820.html,16-Level Damping Coilover For BMW 5 Series 2nd Gen E28 1981-1988 (58MM) PS026820,assets/images/products/shopify/d55e362494c3e72ebdf1.jpg,
fapomoto,produkty/p0449-ps030120-16-level-damping-coilover-for-subaru-wrx-wrx-sti-1st-gen-va1-va2-2014-2021-ps030120.html,16-Level Damping Coilover For Subaru WRX/WRX STI 1st Gen VA1/VA2 2014-2021 PS030120,assets/images/products/shopify/16b4b10bdc4a2aaa095d.jpg,
fapomoto,produkty/p0450-ps006920-16-level-damping-coilover-for-bmw-1-series-1st-gen-e81-e82-e87-e88-2004-2014-ps006920.html,16-Level Damping Coilover For BMW 1 Series 1st Gen E81/E82/E87/E88 2004-2014 PS006920,assets/images/products/shopify/c90b407394fa04053104.jpg,
fapomoto,produkty/p0451-ps024820-16-level-damping-coilover-for-audi-a3-a3-quattro-2nd-gen-fwd-awd-8p-2003-2012-ps024820.html,16-Level Damping Coilover For Audi A3/A3 Quattro 2nd Gen FWD/AWD 8P 2003-2012 PS024820,assets/images/products/shopify/00621c55014cd747a6fd.jpg,
fapomoto,produkty/p0452-ps004120-16-level-damping-coilover-for-vw-golf-5th-gen-gti-dti-mk5-a5-2003-2009-ps004120.html,"16-Level Damping Coilover For VW Golf 5th Gen (GTI, DTI) MK5/A5 2003-2009 PS004120",assets/images/products/shopify/e46b38bc7999fa9d69fd.jpg,
fapomoto,produkty/p0453-ps007920-16-level-damping-coilover-for-mazda-3-1st-gen-bk-2003-2013-ps007920.html,16-Level Damping Coilover For Mazda 3 1st Gen BK 2003-2013 PS007920,assets/images/products/shopify/9b36a47091282e743913.jpg,
fapomoto,produkty/p0454-ps009520-16-level-damping-coilover-for-chevrolet-camaro-5th-gen-2010-2015-ps009520.html,16-Level Damping Coilover For Chevrolet Camaro 5th Gen 2010-2015 PS009520,assets/images/products/shopify/1ee4eb58466a20398345.jpg,
fapomoto,produkty/p0455-ps022750-16-level-damping-coilover-for-honda-civic-coupe-sedan-non-si-10th-gen-usa-50mm-fc-2016-2021-ps02.html,16-Level Damping Coilover For Honda Civic Coupe/Sedan Non-SI 10th Gen (USA) 50mm FC 2016-2021 PS022750,assets/images/products/shopify/37d8e91743524af955db.jpg,
fapomoto,produkty/p0456-ps046320-16-level-damping-coilover-for-mercedes-benz-s-class-4th-gen-rwd-s55-amg-kompressor-w220-1998-200.html,16-Level Damping Coilover For Mercedes-Benz S-Class 4th Gen RWD/S55 AMG Kompressor W220 1998-2005 PS046320,assets/images/products/shopify/eb844b36f8486d2f9d9d.jpg,
fapomoto,produkty/p0457-ps086520-16-level-damping-coilover-for-bmw-1-series-2nd-gen-5-bolt-f20-f21-2011-2019-ps086520.html,16-Level Damping Coilover For BMW 1 Series 2nd Gen (5-Bolt) F20/F21 2011-2019 PS086520,assets/images/products/shopify/717718f72a3c7e3681ec.jpg,
fapomoto,produkty/p0458-ps003120-16-level-damping-coilover-for-mitsubishi-eclipse-2nd-gen-d31a-d33a-2g-1995-1999-ps003120.html,16-Level Damping Coilover For Mitsubishi Eclipse 2nd Gen D31A/D33A (2G) 1995-1999 PS003120,assets/images/products/shopify/47006a11d1c6b75a9032.jpg,
fapomoto,produkty/p0459-ps007320-16-level-damping-coilover-for-mazda-mx-5-miata-2nd-gen-nb8c-1998-2005-ps007320.html,16-Level Damping Coilover For Mazda MX-5 Miata 2nd Gen NB8C 1998-2005 PS007320,assets/images/products/shopify/a40f76385fe014034865.jpg,
fapomoto,produkty/p0460-ps007520-16-level-damping-coilover-for-ford-fiesta-6th-gen-b299-2008-2019-ps007520.html,16-Level Damping Coilover For Ford Fiesta 6th Gen B299 2008-2019 PS007520,assets/images/products/shopify/2cee841347e2c5b0157b.jpg,
fapomoto,produkty/p0461-ps007620-16-level-damping-coilover-for-mazda-rx-8-se3p-jm1fe-2003-2012-ps007620.html,16-Level Damping Coilover For Mazda RX-8 SE3P/JM1FE 2003-2012 PS007620,assets/images/products/shopify/b6c722312ccdb9ff3465.jpg,
fapomoto,produkty/p0462-ps009620-16-level-damping-coilover-for-chevrolet-cruze-1st-gen-j300-2008-2016-ps009620.html,16-Level Damping Coilover For Chevrolet Cruze 1st Gen J300 2008-2016 PS009620,assets/images/products/shopify/541e138f3dded266cc59.jpg,
fapomoto,produkty/p0463-ps010420-16-level-damping-coilover-for-subaru-legacy-3rd-gen-be-bh-1998-2004-ps010420.html,16-Level Damping Coilover For Subaru Legacy 3rd Gen BE/BH 1998-2004 PS010420,assets/images/products/shopify/1b4cd27670180f292c2c.jpg,
fapomoto,produkty/p0464-ps016520-16-level-damping-coilover-for-mini-cooper-hatch-r50-cooper-s-r53-normal-r50-r53-2001-2006-ps0165.html,16-Level Damping Coilover For Mini Cooper/Hatch R50/Cooper S R53 (Normal) R50/R53 2001-2006 PS016520,assets/images/products/shopify/939d8697767545fdcb79.jpg,
fapomoto,produkty/p0465-ps017720-16-level-damping-coilover-for-mazda-6-3rd-gen-gl1-2012-2016-gl-2016-2012-ps017720.html,16-Level Damping Coilover For Mazda 6 3rd Gen GL1 (2012-2016) / GL (2016+) 2012+ PS017720,assets/images/products/shopify/18b95b83ccb34690cac5.jpg,
fapomoto,produkty/p0466-ps022120-16-level-damping-coilover-for-honda-cr-v-2nd-gen-rd4-rd9-2002-2006-ps022120.html,16-Level Damping Coilover For Honda CR-V 2nd Gen RD4-RD9 2002-2006 PS022120,assets/images/products/shopify/41d433e176e270dad958.jpg,
fapomoto,produkty/p0467-ps025420-16-level-damping-coilover-for-toyota-corolla-altis-9th-gen-e120-e130-2003-2008-ps025420.html,16-Level Damping Coilover For Toyota Corolla Altis 9th Gen E120/E130 2003-2008 PS025420,assets/images/products/shopify/cabef92836f98bf192e8.jpg,
fapomoto,produkty/p0468-ps025720-16-level-damping-coilover-for-toyota-corolla-altis-10th-gen-e140-e150-2006-2013-ps025720.html,16-Level Damping Coilover For Toyota Corolla Altis 10th Gen E140/E150 2006-2013 PS025720,assets/images/products/shopify/2ecc4e4fac8de708873d.jpg,
fapomoto,produkty/p0469-ps030220-16-level-damping-coilover-for-subaru-impreza-5th-gen-gk-gt-2016-2023-ps030220.html,16-Level Damping Coilover For Subaru Impreza 5th Gen  GK/GT 2016-2023 PS030220,assets/images/products/shopify/bbe9b8e3d840f89d6310.jpg,
fapomoto,produkty/p0470-mx83-16-level-damping-coilover-for-toyota-cressida-mx83-1988-1992-ps045920.html,16-Level Damping Coilover For Toyota Cressida MX83 1988-1992 PS045920,assets/images/products/shopify/ba03911287836e771b6e.png,
fapomoto,produkty/p0471-ps086920-16-level-damping-coilover-for-mercedes-benz-s-class-4th-gen-awd-w220-1998-2005-ps086920.html,16-Level Damping Coilover For Mercedes-Benz S-Class 4th Gen AWD W220 1998-2005 PS086920,assets/images/products/shopify/05344f2e051b281c0eb0.jpg,
fapomoto,produkty/p0472-pf016520-32-level-damping-coilover-for-mini-cooper-hatch-r50-cooper-s-r53-normal-r50-r53-2001-2006-pf0165.html,32-Level Damping Coilover For Mini Cooper/Hatch R50/Cooper S R53 (Normal) R50/R53 2001-2006 PF016520,assets/images/products/shopify/4cb5a7864f7a1af4b70c.jpg,
fapomoto,produkty/p0473-pf039330-32-level-damping-coilover-for-volkswagen-phaeton-3d2-2002-2016-audi-a8-2002-2009-pf039330.html,32-Level Damping Coilover For Volkswagen Phaeton 3D2 2002-2016 / Audi A8 2002-2009 PF039330,assets/images/products/shopify/875f3b016063082ceddb.jpg,
fapomoto,produkty/p0474-pf006130-32-level-damping-coilover-for-bmw-3-series-4th-gen-e46-non-m-1997-2006-pf006130.html,32-Level Damping Coilover For BMW 3 Series 4th Gen E46 (Non-M) 1997-2006 PF006130,assets/images/products/shopify/1ef934d86bcd90dd5ebe.jpg,
fapomoto,produkty/p0475-pf006730-32-level-damping-coilover-for-bmw-z4-e85-e86-2002-2008-pf006730.html,32-Level Damping Coilover For BMW Z4 E85/E86 2002-2008 PF006730,assets/images/products/shopify/d549160fd931a8c1eddd.jpg,
fapomoto,produkty/p0476-ps000320-16-level-damping-coilover-for-subaru-impreza-1st-gen-wrx-wrx-sti-gc-gc8-1993-2001-ps000320.html,16-Level Damping Coilover For Subaru Impreza 1st Gen WRX/WRX STI GC/GC8 1993-2001 PS000320,assets/images/products/shopify/858b00a24594e0a1c392.jpg,
fapomoto,produkty/p0477-ps017520-16-level-damping-coilover-for-mazda-6-1st-gen-gg1-2002-2008-ps017520.html,16-Level Damping Coilover For Mazda 6 1st Gen GG1 2002-2008 PS017520,assets/images/products/shopify/3334a5a90f6d488e2561.jpg,
fapomoto,produkty/p0478-gs300-16-level-damping-coilover-for-lexus-gs300-350-gs430-gs460-3rd-gen-rwd-grs191-uzs190-s190-2005-20.html,16-Level Damping Coilover For Lexus GS300/350/GS430/GS460 3rd Gen RWD GRS191/UZS190/S190 2005-2011 PS015520,assets/images/products/shopify/eb80bc7f194f1e77554c.png,
fapomoto,produkty/p0479-ps008120-16-level-damping-coilover-for-infiniti-m37-m56-rwd-y51-2011-2013-ps008120.html,16-Level Damping Coilover For Infiniti M37/M56 RWD Y51 2011-2013 PS008120,assets/images/products/shopify/aad451b46fd7603dc4ae.jpg,
fapomoto,produkty/p0480-ps021220-16-level-damping-coilover-for-nissan-cefiro-2nd-gen-a32-1995-1999-ps021220.html,16-Level Damping Coilover For Nissan Cefiro 2nd Gen A32 1995-1999 PS021220,assets/images/products/shopify/18b6d9331dded8044b28.jpg,
fapomoto,produkty/p0481-pf002430-32-level-damping-coilover-for-honda-civic-6th-gen-rear-fork-ek-em-dc2-ej-1996-2000-pf002430.html,32-Level Damping Coilover For Honda Civic 6th Gen (Rear Fork) EK/EM/DC2/EJ 1996-2000 PF002430,assets/images/products/shopify/2d627d2a4d8cda654c33.jpg,
fapomoto,produkty/p0482-gs300-32-level-damping-coilover-for-lexus-gs300-350-gs430-gs460-3rd-gen-rwd-grs191-uzs190-s190-2005-20.html,32-Level Damping Coilover For Lexus GS300/350/GS430/GS460 3rd Gen RWD GRS191/UZS190/S190 2005-2011 PF015520,assets/images/products/shopify/24e9a1405fc18396af64.jpg,
fapomoto,produkty/p0483-xx30-32-level-damping-coilover-for-toyota-avalon-3rd-gen-xx30-2005-2012-pf035830.html,32-Level Damping Coilover For Toyota Avalon 3rd Gen XX30 2005-2012 PF035830,assets/images/products/shopify/75844b0815d214fcea67.png,
fapomoto,produkty/p0484-gs250-32-level-damping-coilover-for-lexus-gs250-gs350-400h-rwd-forkflm-l10-2011-pf075230.html,32-Level Damping Coilover For Lexus GS250/GS350/400H (RWD) FORKFLM L10 2011+ PF075230,assets/images/products/shopify/75844b0815d214fcea67.png,
fapomoto,produkty/p0485-pa260630-8-stage-rear-0-2-5-in-lift-shocks-for-2007-2018-jeep-wrangler-jk-pa260630.html,8-Stage Rear 0-2.5 in Lift Shocks for 2007-2018 Jeep Wrangler JK PA260630,assets/images/products/shopify/13fd133f058b5e0cf6d6.jpg,
fapomoto,produkty/p0486-pa162031-8-stage-rear-0-4-in-lift-shocks-for-2007-2021-chevrolet-silverado-1500-pa162031.html,8-Stage Rear 0-4 in Lift Shocks for 2007-2021 Chevrolet Silverado 1500 PA162031,assets/images/products/shopify/d31cbe88b252661cf29d.png,
fapomoto,produkty/p0487-pa162630-8-stage-front-2-3-in-lift-shocks-for-2018-2021-jeep-wrangler-jl-pa162630.html,8-Stage Front 2-3 in Lift Shocks for 2018-2021 Jeep Wrangler JL PA162630,assets/images/products/shopify/82c0f1bfb7009033667b.jpg,
fapomoto,produkty/p0488-pa262630-8-stage-rear-2-3-in-lift-shocks-for-2018-2021-jeep-wrangler-jl-pa262630.html,8-Stage Rear 2-3 in Lift Shocks for 2018-2021 Jeep Wrangler JL PA262630,assets/images/products/shopify/c61d50f82e58f78577f2.jpg,
fapomoto,produkty/p0489-pa164430-8-stage-front-1-3-in-lift-shocks-for-1997-2006-jeep-wrangler-tj-pa164430.html,8-Stage Front 1-3 in Lift Shocks for 1997-2006 Jeep Wrangler TJ PA164430,assets/images/products/shopify/fee56084c6fc4694d30e.jpg,
fapomoto,produkty/p0490-pa264430-8-stage-rear-0-3-in-lift-shocks-for-1997-2006-jeep-wrangler-tj-pa264430.html,8-Stage Rear 0-3 in Lift Shocks for 1997-2006 Jeep Wrangler TJ PA264430,assets/images/products/shopify/67fd251c2fe2902e7a17.jpg,
fapomoto,produkty/p0491-pa164631-8-stage-front-1-3-in-lift-shocks-for-1984-2001-jeep-cherokee-xj-pa164631.html,8-Stage Front 1-3 in Lift Shocks for 1984-2001 Jeep Cherokee XJ PA164631,assets/images/products/shopify/01e94d1319858d2c6aa1.jpg,
fapomoto,produkty/p0492-pa167130-8-stage-front-0-2-in-lift-shocks-for-2009-2013-ford-f-150-pa167130.html,8-Stage Front 0-2 in Lift Shocks for 2009-2013 Ford F-150 PA167130,assets/images/products/shopify/4d98d58f5e92ab4f95a2.jpg,
fapomoto,produkty/p0493-pa267131-8-stage-rear-0-1-in-lift-shocks-for-2004-2008-ford-f-150-pa267131.html,8-Stage Rear 0-1 in Lift Shocks for 2004-2008 Ford F-150 PA267131,assets/images/products/shopify/13a5cb6862db133ec50f.png,
fapomoto,produkty/p0494-pa167330-8-stage-front-0-2-in-lift-shocks-for-2014-2020-ford-f-150-pa167330.html,8-Stage Front 0-2 in Lift Shocks for 2014-2020 Ford F-150 PA167330,assets/images/products/shopify/fd2e19eeb1efa70034fa.jpg,
fapomoto,produkty/p0495-pa267330-8-stage-rear-0-2-in-lift-shocks-for-2014-2020-ford-f-150-pa267330.html,8-Stage Rear 0-2 in Lift Shocks for 2014-2020 Ford F-150 PA267330,assets/images/products/shopify/bf20a328cb2b39910fed.jpg,
fapomoto,produkty/p0496-pa191635-8-stage-front-3-5-4-5-in-lift-shocks-for-1984-2001-jeep-cherokee-xj-pa191635.html,8-Stage Front 3.5-4.5 in Lift Shocks for 1984-2001 Jeep Cherokee XJ PA191635,assets/images/products/shopify/8406a916733bdda60c22.png,
fapomoto,produkty/p0497-pa291630-8-stage-front-6-5-8-in-lift-shocks-for-1984-2001-jeep-cherokee-xj-pa291630.html,8-Stage Front 6.5-8 in Lift Shocks for 1984-2001 Jeep Cherokee XJ PA291630,assets/images/products/shopify/ab08f5881189effbe7b3.jpg,
fapomoto,produkty/p0498-pa391630-8-stage-rear-3-5-4-5-in-lift-shocks-for-1984-2001-jeep-cherokee-xj-pa391630.html,8-Stage Rear 3.5-4.5 in Lift Shocks for 1984-2001 Jeep Cherokee XJ PA391630,assets/images/products/shopify/c3c33c572a66989190fc.png,
fapomoto,produkty/p0499-pa391631-8-stage-rear-4-5-6-in-lift-shocks-for-1984-2001-jeep-cherokee-xj-pa391631.html,8-Stage Rear 4.5-6 in Lift Shocks for 1984-2001 Jeep Cherokee XJ PA391631,assets/images/products/shopify/8f19d9da34bb9718ff1e.png,
fapomoto,produkty/p0500-pa591631-8-stage-rear-6-5-8-in-lift-shocks-for-1997-2006-jeep-wrangler-tj-pa591631.html,8-Stage Rear 6.5-8 in Lift Shocks for 1997-2006 Jeep Wrangler TJ PA591631,assets/images/products/shopify/b9806ca67d43d1be76ef.jpg,
fapomoto,produkty/p0501-pa891630-8-stage-rear-2-3-in-lift-shocks-for-1984-2001-jeep-cherokee-xj-pa891630.html,8-Stage Rear 2-3 in Lift Shocks for 1984-2001 Jeep Cherokee XJ PA891630,assets/images/products/shopify/362f7717d263bc59d50d.jpg,
fapomoto,produkty/p0502-pa391830-8-stage-front-3-5-4-in-lift-shocks-for-2020-2021-jeep-gladiator-jt-pa391830.html,8-Stage Front 3.5-4 in Lift Shocks for 2020-2021 Jeep Gladiator JT PA391830,assets/images/products/shopify/79873fbf81bca25d027a.jpg,
fapomoto,produkty/p0503-pa791830-8-stage-rear-3-5-4-in-lift-shocks-for-2018-2021-jeep-wrangler-jl-pa791830.html,8-Stage Rear 3.5-4 in Lift Shocks for 2018-2021 Jeep Wrangler JL  PA791830,assets/images/products/shopify/a8fbb01da83fc9d9d38e.jpg,
fapomoto,produkty/p0504-ae92-32-level-damping-coilover-for-toyota-corolla-6th-7th-8th-gen-ae92-ae100-ae101-ae102-ae110-ae111-.html,32-Level Damping Coilover For Toyota Corolla 6th/7th/8th Gen AE92/AE100/AE101/AE102/AE110/AE111 1987-2000 PF005530,assets/images/products/shopify/020806f890208bf648de.png,
fapomoto,produkty/p0505-pa660610-fapo-rear-3-4-5-in-lift-struts-for-jeep-wrangler-jk-2007-2018-pa660610.html,FAPO Rear 3-4.5 in Lift Struts for Jeep Wrangler JK 2007-2018 PA660610,assets/images/products/shopify/9133dd56833611b3a840.jpg,
fapomoto,produkty/p0506-pf086530-32-level-damping-coilover-for-bmw-4-series-f32-f33-f36-2013-2020-bmw-2-series-f22-f23-2014-2021-.html,32-Level Damping Coilover for  BMW 4 Series F32/F33/F36 2013-2020 BMW 2 Series F22 / F23 2014-2021 PF086530,assets/images/products/shopify/e5a98714b3b47850021a.jpg,
fapomoto,produkty/p0507-fz390010-front-stainless-steel-extended-brake-lines-for-07-18-silverado-sierra-5-7-5-lift.html,"Front Stainless Steel Extended Brake Lines For 07-18 Silverado Sierra 5-7.5""lift",assets/images/products/shopify/3ed6b3c75cccb592adc1.jpg,
fapomoto,produkty/p0508-tj073010-fapo-full-set-0-75-lift-coil-spring-spacers-fits-jeep-wrangler-jk-2007-2018.html,"FAPO Full Set 0.75"" Lift Coil Spring Spacers Fits Jeep Wrangler JK 2007-2018",assets/images/products/shopify/062a1f7372989e114bee.webp,
fapomoto,produkty/p0509-pz071910-share-fapo-front-quick-disconnect-2-5-6-sway-bar-links-for-jeep-wrangler-jk-2007-2018.html,"Share FAPO Front Quick Disconnect 2.5-6"" Sway Bar Links For Jeep Wrangler JK 2007-2018",assets/images/products/shopify/b4534a052dea0862dfe9.jpg,
fapomoto,produkty/p0510-pj062610-dual-steering-stabilizer-for-jeep-wrangler-jl-2018-2022-for-gladiator-jt-2020-2022-2-0-tube.html,Dual Steering Stabilizer for Jeep Wrangler JL 2018-2022 for Gladiator JT 2020-2022 2.0 Tube,assets/images/products/shopify/6395909ad45c37871dd2.jpg,
fapomoto,produkty/p0511-fr072510-fapo-front-2-5-leveling-lift-strut-spacers-for-toyota-tundra-2007-2021.html,"FAPO Front 2.5"" Leveling Lift Strut Spacers For Toyota Tundra 2007-2021",assets/images/products/shopify/26c3379d3dd85bd51d21.jpg,
fapomoto,produkty/p0512-pj064410-fapo-p3-2-0-steering-stabilizer-for-jeep-wrangler-tj-1997-2006-pj064410.html,FAPO P3 2.0 Steering Stabilizer For Jeep Wrangler TJ 1997-2006 PJ064410,assets/images/products/shopify/c9ff3471b806d4931f96.jpg,
fapomoto,produkty/p0513-pz074510-fapo-front-adjustable-4-6-lift-sway-bar-links-fits-jeep-cherokee-xj-1984-2001.html,"FAPO Front Adjustable 4-6"" Lift Sway Bar Links Fits Jeep Cherokee XJ 1984-2001",assets/images/products/shopify/33061c78bb821bab2d4f.jpg,
fapomoto,produkty/p0514-fr993010-fapo-front-3-leveling-lift-strut-spacers-for-toyota-tundra-2000-2006-fr993010.html,"FAPO Front 3"" Leveling Lift Strut Spacers For Toyota Tundra 2000-2006 FR993010",assets/images/products/shopify/e7e804c728b4df08fb85.jpg,
fapomoto,produkty/p0515-pz072210-fapo-front-adjustable-0-2-5-lift-sway-bar-links-for-jeep-wrangler-jk-2007-2018.html,"FAPO Front Adjustable 0-2.5"" Lift Sway Bar Links For Jeep Wrangler JK 2007-2018",assets/images/products/shopify/e5d5217867ecec50b856.jpg,
fapomoto,produkty/p0516-pj060610-fapo-p3-2-0-steering-stabilizer-for-jeep-wrangler-jk-2007-2018.html,FAPO P3 2.0 Steering Stabilizer For Jeep Wrangler JK 2007-2018,assets/images/products/shopify/7db187fe5c6641caa4bb.jpg,
fapomoto,produkty/p0517-fr073010-share-fapo-front-3-leveling-lift-strut-spacers-for-toyota-tundra-2007-2021.html,"Share FAPO Front 3"" Leveling Lift Strut Spacers For Toyota Tundra 2007-2021",assets/images/products/shopify/ca94f41db4cfba38f48f.jpg,
fapomoto,produkty/p0518-pz270610-fapo-front-0-3-5-lift-sway-bar-links-fits-jeep-gladiator-jt-2020-2024.html,"FAPO Front 0-3.5"" Lift Sway Bar Links Fits Jeep Gladiator JT 2020-2024",assets/images/products/shopify/91cfeb0ccd65c05ce1a7.jpg,
fapomoto,produkty/p0519-fr992510-fapo-front-2-5-leveling-lift-strut-spacers-for-toyota-tundra-2000-2006.html,"FAPO Front 2.5"" Leveling Lift Strut Spacers For Toyota Tundra 2000-2006",assets/images/products/shopify/bc94b234506047443d92.jpg,
fapomoto,produkty/p0520-pz270620-fapo-rear-0-3-5-lift-sway-bar-links-fits-jeep-gladiator-jt-2020-2024.html,"FAPO Rear 0-3.5"" Lift Sway Bar Links Fits Jeep Gladiator JT 2020-2024",assets/images/products/shopify/2cc8ba2d76a18cbdde45.webp,
fapomoto,produkty/p0521-fr072010-fapo-front-2-leveling-lift-strut-spacers-for-toyota-tundra-2007-2021.html,"FAPO Front 2"" Leveling Lift Strut Spacers For Toyota Tundra 2007-2021",assets/images/products/shopify/8616be5b6f6d48350f9e.jpg,
fapomoto,produkty/p0522-pf004830-32-way-adjustable-damping-coilover-for-volkswagen-golf-8th-gen-mk8-mqb-2020-golf-gti-mk7-a7-mqb-.html,32-Way Adjustable Damping Coilover for Volkswagen Golf 8th Gen MK8/MQB 2020+ & Golf GTI MK7/A7/MQB 2012-2020 PF004830,assets/images/products/shopify/585b296176a4f77fc10d.jpg,
fapomoto,produkty/p0523-ps004320-16-level-damping-coilover-for-vw-polo-5th-gen-mk5-6r-2009-2017-ps004320.html,16-Level Damping Coilover For VW Polo 5th Gen MK5/6R 2009-2017 PS004320,assets/images/products/shopify/1972ac48dd1c95c8634b.jpg,
fapomoto,produkty/p0524-ps004720-16-level-damping-coilover-for-vw-passat-fwd-b5g-b5-5-1996-2005-ps004720.html,16-Level Damping Coilover For VW Passat FWD B5G/B5.5 1996-2005 PS004720,assets/images/products/shopify/0d58963fb46171d86d81.jpg,
fapomoto,produkty/p0525-sw20-16-level-damping-coilover-for-toyota-mr2-2nd-gen-sw20-sw21-1990-1999-ps005020.html,16-Level Damping Coilover For Toyota MR2 2nd Gen SW20/SW21 1990-1999 PS005020,assets/images/products/shopify/32d312d97e028046f690.png,
fapomoto,produkty/p0526-jzx90-16-level-damping-coilover-for-toyota-chaser-x90-x100-jzx90-jzx100-1992-2001-ps005120.html,16-Level Damping Coilover For Toyota Chaser X90/X100 JZX90/JZX100 1992-2001 PS005120,assets/images/products/shopify/32d312d97e028046f690.png,
fapomoto,produkty/p0527-ps006720-16-level-damping-coilover-for-bmw-z4-e85-e86-2002-2008-ps006720.html,16-Level Damping Coilover For BMW Z4 E85/E86 2002-2008 PS006720,assets/images/products/shopify/fad821b76e80bd474a58.jpg,
fapomoto,produkty/p0528-ps008620-16-level-damping-coilover-for-infiniti-g35x-awd-v36-2003-2008-ps008620.html,16-Level Damping Coilover For Infiniti G35X AWD V36 2003-2008 PS008620,assets/images/products/shopify/f7658df780fd07bee84a.jpg,
fapomoto,produkty/p0529-ps014320-16-level-damping-coilover-for-audi-a4-4th-gen-fwd-b8-8k-2008-2016-ps014320.html,16-Level Damping Coilover For Audi A4 4th Gen FWD B8/8K 2008-2016 PS014320,assets/images/products/shopify/abf727d5cff415acde17.jpg,
fapomoto,produkty/p0530-ps016420-16-level-damping-coilover-for-bmw-m3-e90-e92-e93-2007-2013-ps016420.html,16-Level Damping Coilover For BMW M3 E90/E92/E93 2007-2013 PS016420,assets/images/products/shopify/1b49b8b26f5aa90ff9c8.jpg,
fapomoto,produkty/p0531-ps016620-16-level-damping-coilover-for-mini-cooper-hatch-2nd-gen-r55-r56-2006-2013-ps016620.html,16-Level Damping Coilover For Mini Cooper/Hatch 2nd Gen R55/R56 2006-2013 PS016620,assets/images/products/shopify/048a43e7719f08f6ab4e.jpg,
fapomoto,produkty/p0532-zc16-16-level-damping-coilover-for-mini-countryman-1st-gen-r60-zc16-2010-2016-ps016820.html,16-Level Damping Coilover For Mini Countryman 1st Gen R60/ZC16 2010-2016 PS016820,assets/images/products/shopify/32d312d97e028046f690.png,
fapomoto,produkty/p0533-ps017120-16-level-damping-coilover-for-ford-mustang-3rd-gen-1979-1993-ps017120.html,16-Level Damping Coilover For Ford Mustang 3rd Gen 1979-1993 PS017120,assets/images/products/shopify/b306cdc5b78a4de0e18a.jpg,
fapomoto,produkty/p0534-ps019720-16-level-damping-coilover-for-chevrolet-impala-2014-2020-ps019720.html,16-Level Damping Coilover For Chevrolet Impala 2014-2020 PS019720,assets/images/products/shopify/59104bff8bf74c2dca24.jpg,
fapomoto,produkty/p0535-ps019920-16-level-damping-coilover-for-chevrolet-malibu-9th-gen-2016-ps019920.html,16-Level Damping Coilover For Chevrolet Malibu 9th Gen 2016+ PS019920,assets/images/products/shopify/a4dc43bec5685a126154.jpg,
fapomoto,produkty/p0536-ps021120-16-level-damping-coilover-for-nissan-altima-4th-gen-l32-d32-2007-2013-ps021120.html,16-Level Damping Coilover For Nissan Altima 4th Gen L32/D32 2007-2013 PS021120,assets/images/products/shopify/f70e2a1bb21f088f7b6e.jpg,
fapomoto,produkty/p0537-ps027420-16-level-damping-coilover-for-ford-mustang-6th-gen-2-3t-without-electronic-dampening-s550-2015-2.html,16-Level Damping Coilover For Ford Mustang 6th Gen 2.3T (Without Electronic Dampening) S550 2015-2023 PS027420,assets/images/products/shopify/7e295e1dde45bda74a4c.jpg,
fapomoto,produkty/p0538-ps029020-16-level-damping-coilover-for-hyundai-veloster-1st-gen-fs-2011-2018-ps029020.html,16-Level Damping Coilover For Hyundai Veloster 1st Gen FS 2011-2018 PS029020,assets/images/products/shopify/a8fe3905ed0b8d90b9a8.jpg,
fapomoto,produkty/p0539-ps029820-16-level-damping-coilover-for-hyundai-elantra-6th-gen-ad-2016-2020-ps029820.html,16-Level Damping Coilover For Hyundai Elantra 6th Gen AD 2016–2020 PS029820,assets/images/products/shopify/8190718564f51901af03.jpg,
fapomoto,produkty/p0540-ps039820-16-level-damping-coilover-for-tesla-model-3-4wd-2017-ps039820.html,16-Level Damping Coilover For Tesla Model 3 4WD 2017+ PS039820,assets/images/products/shopify/e43119a99913cc05d1c4.jpg,
fapomoto,produkty/p0541-ps042520-16-level-damping-coilover-for-honda-accord-10th-gen-cv1-cv2-cv3-2018-2022-ps042520.html,16-Level Damping Coilover For Honda Accord 10th Gen CV1/CV2/CV3 2018-2022 PS042520,assets/images/products/shopify/efa2c0cc8c9471274364.jpg,
fapomoto,produkty/p0542-ps045020-16-level-damping-coilover-for-toyota-camry-7th-gen-for-se-se-2011-2017-ps045020.html,16-Level Damping Coilover For Toyota Camry 7th Gen (For SE) SE 2011-2017 PS045020,assets/images/products/shopify/0f20f611aaf50b71c009.jpg,
fapomoto,produkty/p0543-ps056620-16-level-damping-coilover-for-mercedes-benz-c-class-2nd-gen-rwd-w203-2000-2007-ps056620.html,16-Level Damping Coilover For Mercedes-Benz C-Class 2nd Gen RWD W203 2000-2007 PS056620,assets/images/products/shopify/a28e13f0e6dd4036dc43.jpg,
fapomoto,produkty/p0544-ps065620-16-level-damping-coilover-for-toyota-corolla-im-e180-2017-2018-ps065620.html,16-Level Damping Coilover For Toyota Corolla IM E180 2017-2018 PS065620,assets/images/products/shopify/9503cc1322a043a80d4b.jpg,
fapomoto,produkty/p0545-ps069220-16-level-damping-coilover-for-chrysler-300c-lx-2wd-2005-2010-ps069220.html,16-Level Damping Coilover For Chrysler 300C LX 2WD 2005-2010 PS069220,assets/images/products/shopify/08deb4934a3ec1ea1fc3.jpg,
fapomoto,produkty/p0546-ps069320-16-level-damping-coilover-for-chrysler-300c-lx-2wd-2011-2023-ps069320.html,16-Level Damping Coilover For Chrysler 300C LX 2WD 2011-2023 PS069320,assets/images/products/shopify/1495d4f35838496e0b22.jpg,
fapomoto,produkty/p0547-ps039220-16-level-damping-coilover-for-hyundai-accent-4th-gen-rb-2011-2018-ps039220.html,16-Level Damping Coilover For Hyundai Accent 4th Gen RB 2011-2018 PS039220,assets/images/products/shopify/fce97ded84aebb6f5df6.jpg,
fapomoto,produkty/p0548-pf052130-32-level-damping-coilover-for-honda-civic-10th-gen-type-r-fk8-2017-2020-pf052130.html,32-Level Damping Coilover For Honda Civic 10th Gen Type R FK8 2017-2020 PF052130,assets/images/products/shopify/368fc119696ce86abdc0.jpg,
fapomoto,produkty/p0549-pf066230-32-level-damping-coilover-for-toyota-supra-5th-gen-j29-db-2019-pf066230.html,32-Level Damping Coilover For Toyota Supra 5th Gen J29/DB 2019+ PF066230,assets/images/products/shopify/2729aa27075055fb4cf9.jpg,
fapomoto,produkty/p0550-sxv20-16-level-damping-coilover-for-toyota-camry-4th-gen-sxv20-mcv20-1996-2002-ps035520.html,16-Level Damping Coilover For Toyota Camry 4th Gen SXV20/MCV20 1996-2002 PS035520,assets/images/products/shopify/098fab3b6b302487bb20.png,
fapomoto,produkty/p0551-fapo-p0551-m53x2-0-high-strength-nut-precision-machined-durable-and-reliable.html,"M53x2.0 High-Strength Nut Precision Machined, Durable and Reliable",assets/images/products/shopify/b6a667cc4d760d7d63a8.png,
fapomoto,produkty/p0552-pf012230-32-level-damping-coilover-for-honda-accord-5th-gen-cd5-cd7-1993-1997-pf012230.html,32-Level Damping Coilover For Honda Accord 5th Gen CD5/CD7 1993-1997 PF012230,assets/images/products/shopify/c621ca77baed13040de5.jpg,
fapomoto,produkty/p0553-pf069330-32-level-damping-coilover-for-chrysler-300c-lx-2wd-2011-2023-pf069330.html,32-Level Damping Coilover For Chrysler 300C LX 2WD 2011-2023 PF069330,assets/images/products/shopify/3b9595ff3dffaebf056a.jpg,
fapomoto,produkty/p0554-pz026010-fapo-set-of-adjustable-rear-toe-arm-with-bucket-delet-for-bmw-e36-true-system-pz026010.html,FAPO Set of Adjustable Rear Toe Arm with bucket delet For BMW E36 (true system) PZ026010,assets/images/products/shopify/20ee1d0d0d972e4ce29d.jpg,
fapomoto,produkty/p0555-pz006310-32-level-damping-coilover-angle-kit-bundle-for-bmw-e46-non-m-1997-2006-pz006310-pf006130.html,32 level damping coilover & Angle Kit Bundle for BMW E46(Non-M) 1997-2006 PZ006310 + PF006130,assets/images/products/shopify/1e6c1d00e95b488e1d69.png,
fapomoto,produkty/p0556-pz006210-32-level-damping-coilover-angle-kit-bundle-for-bmw-e36-1990-2000-pz006210-pf006030.html,32 level damping coilover & Angle kit Bundle for BMW E36 1990-2000 PZ006210+PF006030,assets/images/products/shopify/7f3c14bdad771cf40ae6.png,
fapomoto,produkty/p0557-pf001230-32-level-damping-coilover-for-nissan-cefiro-1st-gen-a31-1988-1994-pf001230.html,32-Level Damping Coilover For Nissan Cefiro 1st Gen A31 1988-1994 PF001230,assets/images/products/shopify/5337161deb16713e2103.jpg,
fapomoto,produkty/p0558-pf000130-32-level-damping-coilover-for-subaru-forester-2nd-gen-sg-2003-2008-pf000130.html,32-Level Damping Coilover For Subaru Forester 2nd Gen SG 2003–2008 PF000130,assets/images/products/shopify/abf10cc00936ddfe1cf1.jpg,
fapomoto,produkty/p0559-pf002930-32-level-damping-coilover-for-honda-fit-jazz-3rd-gen-gk3-gk5-2013-2020-pf002930.html,32-Level Damping Coilover For Honda Fit/Jazz 3rd Gen GK3/GK5 2013–2020 PF002930,assets/images/products/shopify/9020164629d89c4e87cc.jpg,
fapomoto,produkty/p0560-pf039830-32-level-damping-coilover-for-tesla-model-3-4wd-2017-pf039830.html,32-Level Damping Coilover For Tesla Model 3 4WD 2017+ PF039830,assets/images/products/shopify/5a33136f9d8a3f335702.jpg,
fapomoto,produkty/p0561-pf020330-32-level-damping-coilover-for-subaru-forester-3rd-gen-sh-2008-2013-pf020330.html,32-Level Damping Coilover For Subaru Forester 3rd Gen SH 2008–2013 PF020330,assets/images/products/shopify/ea6136e9cb94f6808206.jpg,
fapomoto,produkty/p0562-ps056420-16-level-damping-coilover-for-mercedes-benz-c-class-3rd-gen-rwd-w204-s204-2007-2014-ps056420.html,16-Level Damping Coilover For Mercedes-Benz C-Class 3rd Gen RWD W204/S204 2007-2014 PS056420,assets/images/products/shopify/9098c61750f1d3480802.jpg,
fapomoto,produkty/p0563-ps029320-16-level-damping-coilover-for-hyundai-elantra-3rd-gen-xd-nd-2000-2006-ps029320.html,16-Level Damping Coilover For Hyundai Elantra 3rd Gen XD/ND 2000-2006 PS029320,assets/images/products/shopify/e7a3a9eca0a5b9608760.jpg,
fapomoto,produkty/p0564-ps036820-16-level-damping-coilover-for-mercedes-benz-e-class-2nd-gen-w210-1995-2003-ps036820.html,16-Level Damping Coilover For Mercedes-Benz E-Class 2nd Gen W210 1995-2003 PS036820,assets/images/products/shopify/2d561a2a08f6cbaaa009.jpg,
fapomoto,produkty/p0565-ps039320-16-level-damping-coilover-for-vw-phaeton-3d2-2002-2016-ps039320.html,16-Level Damping Coilover For VW Phaeton 3D2 2002-2016 PS039320,assets/images/products/shopify/692e4a0d2cc06971b50e.jpg,
fapomoto,produkty/p0566-ps066320-16-level-damping-coilover-for-mercedes-benz-e-class-1st-gen-rwd-w124-1994-1995-ps066320.html,16-Level Damping Coilover For Mercedes-Benz E-Class 1st Gen RWD W124 1994-1995 PS066320,assets/images/products/shopify/61b45c7da1efe7c12201.jpg,
fapomoto,produkty/p0567-pa190610-fapo-front-4-6-in-lift-struts-for-dodge-ram-1500-extended-crew-cab-pickup-2006-2008-pa190610.html,FAPO Front 4-6 in Lift Struts for Dodge Ram 1500 Extended Crew Cab Pickup 2006-2008 PA190610,assets/images/products/shopify/704a4d2941146f71af2b.jpg,
fapomoto,produkty/p0568-pa094311-fapo-rear-5-6-in-lift-struts-for-dodge-ram-1500-2002-2005-pa094311.html,FAPO Rear 5-6 in Lift Struts for Dodge Ram 1500 2002-2005 PA094311,assets/images/products/shopify/9f3cd7e1910553231077.jpg,
fapomoto,produkty/p0569-ps004110-coilover-for-volkswagen-jetta-golf-mk5-mk6-fwd-2006-2017-ps004110.html,Coilover for Volkswagen Jetta/Golf MK5 MK6 FWD 2006-2017 PS004110,assets/images/products/shopify/89b4854fd52bfc232497.jpg,
fapomoto,produkty/p0570-pf049230-32-level-damping-coilover-for-kia-rio-4th-gen-yb-sc-fb-uc-2018-2023-pf049230.html,32-Level Damping Coilover For Kia Rio 4th Gen YB/SC/FB/UC 2018-2023 PF049230,assets/images/products/shopify/275af2596bb9080a91e9.jpg,
fapomoto,produkty/p0571-pa167330-8-stage-full-set-0-2-in-lift-shocks-for-2014-2020-ford-f-150-p3-pa167330-pa267330.html,8-Stage Full Set 0-2 in Lift Shocks for 2014-2020 Ford F-150 -P3 PA167330 PA267330,assets/images/products/shopify/417090d047c6ac08137b.jpg,
fapomoto,produkty/p0572-ps012920-16-level-damping-coilover-for-acura-tl-3rd-gen-ua6-ua7-2004-2008-ps012920.html,16-Level Damping Coilover For Acura TL 3rd Gen UA6/UA7 2004-2008 PS012920,assets/images/products/shopify/499d2d145c2a284d3b2c.jpg,
fapomoto,produkty/p0573-pz002810-black-rear-lower-control-arms-for-88-95-honda-civic-ef9-eg6-94-01-integra-pz002810.html,Black Rear Lower Control Arms for 88-95 Honda Civic EF9 EG6 94-01 Integra PZ002810,assets/images/products/shopify/4708e654b70f326baf42.jpg,
fapomoto,produkty/p0574-pp006210-replacement-lollipop-and-inner-joint-stud-for-bmw-e36-left-and-right-pp006210.html,Replacement lollipop and Inner Joint Stud for BMW E36 Left And Right PP006210,assets/images/products/shopify/48da658436ebc6731247.jpg,
fapomoto,produkty/p0575-pp006212-fapo-replacement-bolts-set-for-bmw-e36-e46-left-and-right-pp006212.html,FAPO Replacement Bolts Set for BMW E36 E46 Left And Right PP006212,assets/images/products/shopify/778695f750b9492c8a70.jpg,
fapomoto,produkty/p0576-pp006211-fapo-replacement-set-of-angle-adapters-for-bmw-e36-e46-left-and-right-pp006211.html,FAPO Replacement Set of Angle Adapters for BMW E36 E46 Left And Right PP006211,assets/images/products/shopify/e5a1db3b125fbf26feb3.jpg,
fapomoto,produkty/p0577-pz282010-front-stabilizer-sway-bar-end-link-for-mercedes-benz-w203-2000-07-clk-w209-2002-2009-pz282010.html,Front Stabilizer Sway Bar End Link For Mercedes Benz W203 2000-07 CLK W209 2002-2009 PZ282010,assets/images/products/shopify/328814490c6fabea3f41.jpg,
fapomoto,produkty/p0578-fz042670-fapo-front-lower-control-arms-for-honda-civic-eg-eh-ej-92-95-integra-dc2-94-01-fz042670.html,FAPO Front Lower Control Arms for Honda Civic EG/EH/EJ 92-95 Integra DC2 94-01 FZ042670,assets/images/products/shopify/287cfffe0f5f35062458.jpg,
fapomoto,produkty/p0579-fz042640-fapo-front-lower-control-arms-for-honda-civic-eg-eh-ej-1992-1995-integra-dc2-1994-2001-fz042640.html,FAPO Front Lower Control Arms for Honda Civic EG/EH/EJ 1992-1995 Integra DC2 1994-2001 FZ042640,assets/images/products/shopify/bfef507b0989a9dd4153.jpg,
fapomoto,produkty/p0580-pf013830-32-level-damping-coilover-for-2000-2005-mitsubishi-eclipse-3g-galant-8th-chrysler-sebring-dodge-.html,32-Level Damping Coilover for 2000-2005 Mitsubishi Eclipse 3G / Galant 8th / Chrysler Sebring / Dodge Stratus PF013830,assets/images/products/shopify/db3c4982caad4ae71c72.jpg,
fapomoto,produkty/p0581-pf003530-32-level-damping-coilover-for-mitsubishi-lancer-9th-gen-cs3a-2007-2017-pf003530.html,32-Level Damping Coilover For Mitsubishi Lancer 9th Gen CS3A 2007-2017 PF003530,assets/images/products/shopify/dfadfd391f4910d83192.jpg,
fapomoto,produkty/p0582-pf022130-32-level-damping-coilover-for-honda-cr-v-2nd-gen-rd4-rd9-2002-2006-pf022130.html,32-Level Damping Coilover For Honda CR-V 2nd Gen RD4-RD9 2002-2006 PF022130,assets/images/products/shopify/ac34d630ac8e056d8875.jpg,
fapomoto,produkty/p0583-is250-32-level-damping-coilover-for-lexus-is250-is300-is350-3rd-genrwd-xe30-gse30-gse31-2013-2016-pf07.html,32-Level Damping Coilover For Lexus IS250/IS300/IS350 3rd GenRWD XE30/GSE30/GSE31 2013-2016 PF075130,assets/images/products/shopify/5b1f1c1e44eee9465c48.png,
fapomoto,produkty/p0584-ps003520-16-level-damping-coilover-for-mitsubishi-lancer-9th-gen-cs3a-2007-2017-ps003520.html,16-Level Damping Coilover For Mitsubishi Lancer 9th Gen CS3A 2007-2017 PS003520,assets/images/products/shopify/84dcb0873fb0a717f2d0.jpg,
fapomoto,produkty/p0585-ps016920-16-level-damping-coilover-for-mini-cooper-hatch-3rd-gen-f55-f56-2014-ps016920.html,16-Level Damping Coilover For Mini Cooper/Hatch 3rd Gen F55/F56 2014+ PS016920,assets/images/products/shopify/1c70851e89c467ee28c1.jpg,
fapomoto,produkty/p0586-ps026020-16-level-damping-coilover-for-bmw-3-series-3rd-gen-rear-integrated-e36-non-m-1990-2000-ps026020.html,16-Level Damping Coilover For BMW 3 Series 3rd Gen (Rear Integrated) E36 (Non-M) 1990-2000 PS026020,assets/images/products/shopify/79974bca3d97676845f7.jpg,
fapomoto,produkty/p0587-ps039920-16-level-damping-coilover-for-tesla-model-3-2wd-2017-ps039920.html,16-Level Damping Coilover For Tesla Model 3 2WD 2017+ PS039920,assets/images/products/shopify/40e1161189011aa08ab3.jpg,
fapomoto,produkty/p0588-ps056320-16-level-damping-coilover-for-mercedes-benz-c-class-4th-gen-2wd-w205-s205-c205-a205-2014-2021-ps.html,16-Level Damping Coilover For Mercedes-Benz C-Class 4th Gen 2WD W205/S205/C205/A205 2014-2021 PS056320,assets/images/products/shopify/25c3f8788569475805ce.jpg,
fapomoto,produkty/p0589-ps069920-16-level-damping-coilover-for-chrysler-300c-lx-awd-lx-2005-2023-ps069920.html,16-Level Damping Coilover For Chrysler 300C LX AWD LX 2005-2023 PS069920,assets/images/products/shopify/cc7940e5e2d55cfd8ee4.jpg,
fapomoto,produkty/p0590-pa162031-8-stage-rear-0-4-in-lift-shocks-for-gmc-sierra-1500-2007-2021-pa162031.html,8-Stage Rear 0-4 in Lift Shocks For GMC Sierra 1500 2007-2021 PA162031,assets/images/products/shopify/0b2090bd963526f5e01a.jpg,
fapomoto,produkty/p0591-pz001120-fapo-rear-adjustable-lower-control-arm-kit-for-nissan-s14-s15-240sx-200sx-pz001120.html,FAPO Rear Adjustable Lower Control Arm kit for Nissan S14 S15 240SX 200SX PZ001120,assets/images/products/shopify/0322c39bd690e50dd98e.jpg,
fapomoto,produkty/p0592-pz001620-fapo-rear-traction-rod-for-nissan-240sx-1989-2002-s13-s14-s15-300zx-infiniti-q45-pz001620.html,FAPO Rear Traction Rod for Nissan 240SX 1989-2002 S13 S14 S15 300ZX Infiniti Q45 PZ001620,assets/images/products/shopify/d402f74baf4372a7cbfa.jpg,
fapomoto,produkty/p0593-pz701210-fapo-2-pcs-of-rear-toe-control-arm-for-nissan-240sx-200sx-s14-s15-1995-2002-pz701210.html,FAPO 2 Pcs of Rear Toe Control Arm for Nissan 240SX/200SX S14/S15 1995-2002 PZ701210,assets/images/products/shopify/406a2626560078f64bef.jpg,
fapomoto,produkty/p0594-pz101420-fapo-2-pcs-of-rear-offset-upper-arm-for-nissan-240sx-200sx-s14-s15-1995-2002-pz101420.html,FAPO 2 Pcs of Rear Offset Upper Arm for Nissan 240SX/200SX S14/S15 1995-2002 PZ101420,assets/images/products/shopify/0c0f783cde3b7c288719.jpg,
fapomoto,produkty/p0595-ps002510-open-box-special-coilover-for-honda-civic-2012-2015-ps002510.html,Open Box Special: Coilover for Honda Civic 2012-2015 PS002510,assets/images/products/shopify/216da3bcba315b6c62f3.jpg,
fapomoto,produkty/p0596-pf006830-32-level-damping-coilover-for-bmw-5-series-4th-gen-2wd-e39-1995-2003-pf006830.html,32-Level Damping Coilover For BMW 5 Series 4th Gen 2WD E39 1995-2003 PF006830,assets/images/products/shopify/82482d2c745ee41ac62b.jpg,
fapomoto,produkty/p0597-pf017430-32-level-damping-coilover-for-ford-mustang-4th-gen-sn-95-1994-2004-pf017430.html,32-Level Damping Coilover For Ford Mustang 4th Gen SN-95 1994-2004 PF017430,assets/images/products/shopify/cd83870fd51dabe778a4.jpg,
fapomoto,produkty/p0598-pf022030-32-level-damping-coilover-for-honda-cr-v-1st-gen-rd1-rd3-1995-2001-pf022030.html,32-Level Damping Coilover For Honda CR-V 1st Gen RD1-RD3 1995-2001 PF022030,assets/images/products/shopify/16c9db8aabfaef826e46.jpg,
fapomoto,produkty/p0599-ps021420-16-level-damping-coilover-for-nissan-altima-3rd-gen-l31-2002-2006-ps021420.html,16-Level Damping Coilover For Nissan Altima 3rd Gen L31 2002-2006 PS021420,assets/images/products/shopify/176290a560a4684987e4.jpg,
fapomoto,produkty/p0600-pt006510-2-way-piggyback-reservoir-coilover-for-bmw-f30-328i-335i-2013-2019-3-studs-pt006510.html,2-way Piggyback Reservoir Coilover for BMW F30 328i 335i 2013-2019 (3-Studs) PT006510,assets/images/products/shopify/0ac5d1b7f25c5a0320b2.jpg,
fapomoto,produkty/p0601-pt000410-2-way-piggyback-reservoir-coilover-for-toyota-86-subaru-brz-zn6-zc6-2012-2020-pt000410.html,2-way Piggyback Reservoir Coilover for Toyota 86/Subaru BRZ ZN6/ZC6 2012-2020 PT000410,assets/images/products/shopify/279084a3664fd3dcc609.jpg,
fapomoto,produkty/p0602-pt004810-2-way-piggyback-reservoir-coilover-for-vw-golf-gti-mk7-a7-mqb-2012-2020-pt004810.html,2-way Piggyback Reservoir Coilover for VW Golf GTI MK7/A7/MQB 2012-2020 PT004810,assets/images/products/shopify/84a23c9b13ec898583c7.jpg,
fapomoto,produkty/p0603-sw20-open-box-special-16-level-damping-coilover-for-toyota-mr2-2nd-gen-sw20-sw21-1990-1999-ps005020.html,Open Box Special: 16-Level Damping Coilover For Toyota MR2 2nd Gen SW20/SW21 1990-1999 PS005020,assets/images/products/shopify/d5d162dad74723c74aa3.jpg,
special_order,produkty/p0604-pf033030-fapo-pf033030-voor-bmw-m2-1e-generatie-5-bouten-f87-2015-2022-demping-verstelbare-schokdemper-sc.html,FAPO PF033030 voor BMW M2 1e generatie (5 bouten) F87 2015-2022 Demping Verstelbare Schokdemper Schokbrekers Coilover Kits,assets/images/products/imported/p0604-pf033030.jpg,D:\Projekty\Projekt FAPO Polska\import\combined\images_ridershox\1601757742669.jpg
special_order,produkty/p0605-pf006520-hete-aanbieding-fapo-pf006520-voor-bmw-3-serie-2wd-awd-f30-2011-2019-hoogte-verstelbare-schokdem.html,Hete Aanbieding FAPO PF006520 voor BMW 3 Serie 2WD/AWD F30 2011-2019 Hoogte Verstelbare Schokdempers Coilover Kits Schokdemper,assets/images/products/imported/p0605-pf006520.jpg,D:\Projekty\Projekt FAPO Polska\import\combined\images_ridershox\1601291365945.jpg
special_order,produkty/p0606-pf006520-fapo-pf006520-voor-bmw-2-serie-coupe-en-cabriolet-2wd-awd-f22-f23-2014-hoge-kwaliteit-coilover-m.html,Fapo Pf006520 Voor Bmw 2 Serie Coupé En Cabriolet 2wd/Awd F22/F23 2014 + Hoge Kwaliteit Coilover Monotube Schokdemper,assets/images/products/imported/p0606-pf006520.jpg,D:\Projekty\Projekt FAPO Polska\import\combined\images_ridershox\1601291451430.jpg
special_order,produkty/p0607-pf006520-fapo-pf006520-voor-bmw-4-series-2wd-awd-3blots-f30-f32-f33-f36-2013-hoge-kwaliteit-coilover-opha.html,Fapo Pf006520 Voor Bmw 4 Series 2wd/Awd (3Blots) F30/F32/F33/F36 2013 + Hoge Kwaliteit Coilover Ophanging Monotube Schokdemper,assets/images/products/imported/p0607-pf006520.jpg,D:\Projekty\Projekt FAPO Polska\import\combined\images_ridershox\1601291499236.jpg
special_order,produkty/p0608-ty365601-fapo-ty365601-beste-prijs-2-lift-kits-4x4-coilover-schokken-ophanging-lift-kit-schokdempers-voor.html,"Fapo Ty365601 Beste Prijs 2 ""Lift Kits 4X4 Coilover Schokken Ophanging Lift Kit Schokdempers Voor Toyota Toendra 2007-2021",assets/images/products/imported/p0608-ty365601.jpg,D:\Projekty\Projekt FAPO Polska\import\combined\images_ridershox\1601389927947.jpg
special_order,produkty/p0609-ps006120-hete-aanbieding-fapo-ps006120-voor-bmw-3-serie-e46-niet-m-1997-2006-bwm-verstelbare-mono-tube-co.html,Hete Aanbieding FAPO PS006120 voor BMW 3 Serie E46 (Niet-M) 1997-2006 BWM Verstelbare Mono-tube Coilover Schokdemper,assets/images/products/imported/p0609-ps006120.jpg,D:\Projekty\Projekt FAPO Polska\import\combined\images_ridershox\1601748209804.jpg
special_order,produkty/p0610-pz006410-fapo-pz006410-voor-bmw-e36-e46-en-bmw-m3-e36-e46-verstelbare-achterwielophanging-achterwielhoeks.html,FAPO PZ006410 voor BMW E36 E46 en BMW M3 E36 E46 Verstelbare Achterwielophanging Achterwielhoekset Achterste Onderste Draagarmset,assets/images/products/imported/p0610-pz006410.jpg,D:\Projekty\Projekt FAPO Polska\import\combined\images_ridershox\1601284010455.jpg
special_order,produkty/p0611-ps027420-topkwaliteit-ps027420-voor-ford-mustang-6e-generatie-5-0l-zonder-elektronische-demping-s550-2015.html,Topkwaliteit PS027420 voor Ford Mustang 6e generatie 5.0L (zonder elektronische demping) S550 2015-2023 Verstelbare schokdemper,assets/images/products/imported/p0611-ps027420.jpg,D:\Projekty\Projekt FAPO Polska\import\combined\images_ridershox\1601742097895.jpg
special_order,produkty/p0612-pf010230-fapo-pf010230-voor-subaru-legacy-4e-generatie-bl9-bp-2003-2009-verstelbare-dempings-en-verlaging.html,FAPO PF010230 voor Subaru Legacy 4e generatie BL9/BP 2003-2009 Verstelbare dempings- en verlagingssets schokdemper,assets/images/products/imported/p0612-pf010230.jpg,D:\Projekty\Projekt FAPO Polska\import\combined\images_ridershox\1601741865754.jpg
special_order,produkty/p0613-pf010230-hoge-prestatie-fapo-pf010230-voor-subaru-legacy-4e-generatie-bl9-bp-2003-2009-coilover-instellin.html,Hoge Prestatie FAPO PF010230 voor Subaru Legacy 4e generatie BL9/BP 2003-2009 Coilover Instellingen Schokdemper,assets/images/products/imported/p0613-pf010230.jpg,D:\Projekty\Projekt FAPO Polska\import\combined\images_ridershox\1601741841841.jpg
special_order,produkty/p0614-pf000830-high-performance-coilover-veringset-pf000830-voor-subaru-impreza-gj-gp-2012-2016-schokdempers-ve.html,High Performance Coilover Veringset PF000830 voor Subaru Impreza GJ/GP 2012-2016 Schokdempers Veer,assets/images/products/imported/p0614-pf000830.jpg,D:\Projekty\Projekt FAPO Polska\import\combined\images_ridershox\1601732049538.jpg
special_order,produkty/p0615-pf000830-fapo-coilovers-veringset-verstelbare-hoogte-schokdempers-pf000830-voor-subaru-impreza-wrx-gr-gv-.html,FAPO Coilovers Veringset Verstelbare Hoogte Schokdempers PF000830 voor Subaru Impreza WRX GR/GV 2008-2014 Veer en Veerpoot,assets/images/products/imported/p0615-pf000830.jpg,D:\Projekty\Projekt FAPO Polska\import\combined\images_ridershox\1601731979965.jpg
special_order,produkty/p0616-ps000820-goede-kwaliteit-fapo-ps000820-coilover-auto-onderdelen-schokbrekers-demper-coilover-voor-subaru-.html,Goede kwaliteit FAPO PS000820 Coilover auto-onderdelen schokbrekers demper Coilover voor Subaru Impreza GJ/GP 2012-2016,assets/images/products/imported/p0616-ps000820.jpg,D:\Projekty\Projekt FAPO Polska\import\combined\images_ridershox\1601732093180.jpg
special_order,produkty/p0617-ps000820-top-prijs-fapo-ps000820-coilover-verlagingssets-schokbrekers-voor-subaru-impreza-wrx-gr-gv-2008-.html,Top prijs FAPO PS000820 Coilover verlagingssets schokbrekers voor Subaru Impreza WRX GR/GV 2008-2014,assets/images/products/imported/p0617-ps000820.jpg,D:\Projekty\Projekt FAPO Polska\import\combined\images_ridershox\1601732112083.jpg
special_order,produkty/p0618-pf000830-hoogwaardige-fapo-pf000830-schokdempers-voor-subaru-impreza-gh-ge-2008-2014-verlagingsset.html,"Hoogwaardige FAPO PF000830 schokdempers voor Subaru Impreza GH/GE 2008-2014, verlagingsset",assets/images/products/imported/p0618-pf000830.jpg,D:\Projekty\Projekt FAPO Polska\import\combined\images_ridershox\1601732064280.jpg
catalogue,produkty/p0619-ps035810-coilover-for-toyota-camry-avalon-xv40-2006-2012-ps035810.html,Coilover for Toyota Camry/Avalon XV40 2006-2012 PS035810,assets/images/products/shopify/11b83814e9b0a9026bde.jpg,
catalogue,produkty/p0620-psplus-catalog-ps-series-coilover-offer-catalogue.html,PS+ Series Coilover Offer (Catalogue),assets/media/banner-pf.jpg,
catalogue,produkty/p0621-p5-catalog-p5-series-off-road-suspension-offer-catalogue.html,P5 Series Off-Road Suspension Offer (Catalogue),assets/media/banner-e46.jpg,
catalogue,produkty/p0622-p7-catalog-p7-series-off-road-suspension-offer-catalogue.html,P7 Series Off-Road Suspension Offer (Catalogue),assets/media/banner-spring.jpg,
fapomoto,produkty/p0623-pf035530-32-level-adjustable-coilovers-for-1996-2002-toyota-camry-4th-gen-sxv20-mcv20-pf035530.html,32-Level Adjustable Coilovers for 1996-2002 Toyota Camry 4th Gen SXV20 MCV20 PF035530,assets/images/products/shopify/29a17211c19b739e0f21.jpg,
fapomoto,produkty/p0624-62-180008g-62-220-010-coilovers-spring-x-4-pf086530.html,Coilovers Spring  x 4 PF086530,assets/images/products/shopify/a8053339fd1a3f72ad6d.jpg,
fapomoto,produkty/p0625-pz111610-fapo-tie-rod-end-inner-tie-rod-for-89-94-95-02-nissan-s13-s14-s15-240sx-r32-r33-pz111610.html,FAPO Tie Rod End+ Inner Tie Rod for 89-94 95-02 Nissan S13 S14 S15 240SX R32 R33 PZ111610,assets/images/products/shopify/727090ebba7a6972f7f4.jpg,
fapomoto,produkty/p0626-pf091930-32-level-damping-coilover-for-volkswagen-touareg-1st-gen-7l-2002-2010-pf091930.html,32-Level Damping Coilover For Volkswagen Touareg 1st Gen 7L 2002-2010 PF091930,assets/images/products/shopify/ac0a433971a8f2627093.jpg,
fapomoto,produkty/p0627-420071149261290374810320042920-open-box-special-32-level-damping-coilover-for-pontiac-g8-2008-2009-sedan-holden-caprice-3rd-gen.html,Open Box Special:32-Level Damping Coilover for Pontiac G8 2008-2009 sedan & Holden Caprice 3rd Gen VM 2006-2013 PF008030,assets/images/products/shopify/583a9bd3e9fafaac084d.jpg,
fapomoto,produkty/p0628-pt022710-2-way-piggyback-reservoir-coilover-forhonda-civic-10th-gen-2016-2021-pt022710.html,2-way Piggyback Reservoir Coilover forHonda Civic 10th Gen 2016-2021  PT022710,assets/images/products/shopify/490eaf8f2a33e63ed376.jpg,
fapomoto,produkty/p0631-pf025730-32-level-damping-coilover-for-2006-2019-toyota-corolla-e140-e150-e160-matrix-pontiac-vibe-pf0257.html,32-Level Damping Coilover for 2006-2019 Toyota Corolla E140/E150/E160 / Matrix / Pontiac Vibe PF025730,assets/images/products/shopify/f0ea54bf155c8f0ad2e8.jpg,
